frame,id,text,x,y,font,size,weight,fill
"A-store","text-1","9:41","24","28","Arial","13","700","#233F38"
"A-store","text-2","LTE  ▰","287","28","Arial","12","400","#233F38"
"A-store","text-3","‹","24","65","Arial","25","400","#233F38"
"A-store","text-4","рядом","150","64","Arial","20","700","#233F38"
"A-store","text-5","···","340","63","Arial","20","400","#233F38"
"A-store","text-6","ЛИНИЯ / ЛИЧНЫЙ КАБИНЕТ","24","109","Arial","11","700","#5E6D65"
"A-store","text-7","МЕСТО ДЛЯ СЕБЯ","44","171","Arial","11","700","#285D4E"
"A-store","text-8","Линия","44","224","Arial","40","700","#233F38"
"A-store","text-9","Студия волос","44","264","Arial","16","400","#233F38"
"A-store","text-10","5 минут от вас · Москва","44","292","Arial","12","400","#5E6D65"
"A-store","text-11","Выберите услугу","24","365","Arial","21","700","#233F38"
"A-store","text-12","Стрижка и укладка","40","414","Arial","17","700","#233F38"
"A-store","text-13","60 минут · Анна или Мария","40","438","Arial","13","400","#5E6D65"
"A-store","text-14","2 400 ₽   →","40","461","Arial","12","700","#285D4E"
"A-store","text-15","Укладка","40","517","Arial","17","700","#233F38"
"A-store","text-16","45 минут · Мария","40","541","Arial","13","400","#5E6D65"
"A-store","text-17","1 600 ₽   →","40","564","Arial","12","700","#285D4E"
"A-store","text-18","Салон «Линия» · ул. Лесная, 12","38","627","Arial","13","400","#233F38"
"A-store","text-19","Ежедневно, 09:00–21:00","38","648","Arial","13","400","#233F38"
"A-store","text-20","Оплата в салоне после визита.","38","669","Arial","13","400","#233F38"
"A-store","text-21","Салон","16","795","Arial","13","700","#285D4E"
"A-store","text-22","Записи","146","795","Arial","13","400","#5E6D65"
"A-store","text-23","Награды","276","795","Arial","13","400","#5E6D65"
"A-slots","text-1","9:41","24","28","Arial","13","700","#233F38"
"A-slots","text-2","LTE  ▰","287","28","Arial","12","400","#233F38"
"A-slots","text-3","‹","24","65","Arial","25","400","#233F38"
"A-slots","text-4","рядом","150","64","Arial","20","700","#233F38"
"A-slots","text-5","···","340","63","Arial","20","400","#233F38"
"A-slots","text-6","ЛИНИЯ / ЛИЧНЫЙ КАБИНЕТ","24","109","Arial","11","700","#5E6D65"
"A-slots","text-7","Мастер и время","24","154","Arial","28","700","#233F38"
"A-slots","text-8","Стрижка и укладка · 60 мин · 2 400 ₽","24","180","Arial","13","400","#5E6D65"
"A-slots","text-9","Мастер","24","223","Arial","13","700","#5E6D65"
"A-slots","text-10","Анна  ✓","40","269","Arial","15","700","#233F38"
"A-slots","text-11","Мария","218","269","Arial","15","700","#233F38"
"A-slots","text-12","29 сен     30 сен     01 окт","24","321","Arial","18","700","#233F38"
"A-slots","text-13","Москва · UTC+3","24","351","Arial","12","400","#5E6D65"
"A-slots","text-14","12:00","40","410","Arial","15","700","#233F38"
"A-slots","text-15","15:00","218","410","Arial","15","700","#233F38"
"A-slots","text-16","Свободное время может измениться.","38","477","Arial","13","400","#233F38"
"A-slots","text-17","Проверим его перед подтверждением.","38","498","Arial","13","400","#233F38"
"A-slots","text-18","Нет подходящего времени","40","650","Arial","15","700","#233F38"
"A-slots","text-19","Салон","16","795","Arial","13","400","#5E6D65"
"A-slots","text-20","Записи","146","795","Arial","13","400","#5E6D65"
"A-slots","text-21","Награды","276","795","Arial","13","400","#5E6D65"
"A-empty","text-1","9:41","24","28","Arial","13","700","#233F38"
"A-empty","text-2","LTE  ▰","287","28","Arial","12","400","#233F38"
"A-empty","text-3","‹","24","65","Arial","25","400","#233F38"
"A-empty","text-4","рядом","150","64","Arial","20","700","#233F38"
"A-empty","text-5","···","340","63","Arial","20","400","#233F38"
"A-empty","text-6","ЛИНИЯ / ЛИЧНЫЙ КАБИНЕТ","24","109","Arial","11","700","#5E6D65"
"A-empty","text-7","Мастер и время","24","154","Arial","28","700","#233F38"
"A-empty","text-8","Стрижка и укладка · 60 мин · 2 400 ₽","24","180","Arial","13","400","#5E6D65"
"A-empty","text-9","Мастер","24","223","Arial","13","700","#5E6D65"
"A-empty","text-10","Анна  ✓","40","269","Arial","15","700","#233F38"
"A-empty","text-11","Мария","218","269","Arial","15","700","#233F38"
"A-empty","text-12","29 сен     30 сен     01 окт","24","321","Arial","18","700","#233F38"
"A-empty","text-13","Москва · UTC+3","24","351","Arial","12","400","#5E6D65"
"A-empty","text-14","Подходящего времени нет","40","409","Arial","17","700","#233F38"
"A-empty","text-15","Попробуйте другой день или мастера.","40","433","Arial","13","400","#5E6D65"
"A-empty","text-16","Изменить день или мастера","40","530","Arial","15","700","#233F38"
"A-empty","text-17","Сообщить об окне","40","595","Arial","15","700","#FFFFFF"
"A-empty","text-18","Запрос ожидания не является записью","38","662","Arial","13","400","#233F38"
"A-empty","text-19","и не резервирует время.","38","683","Arial","13","400","#233F38"
"A-empty","text-20","Салон","16","795","Arial","13","400","#5E6D65"
"A-empty","text-21","Записи","146","795","Arial","13","400","#5E6D65"
"A-empty","text-22","Награды","276","795","Arial","13","400","#5E6D65"
"A-booking","text-1","9:41","24","28","Arial","13","700","#233F38"
"A-booking","text-2","LTE  ▰","287","28","Arial","12","400","#233F38"
"A-booking","text-3","‹","24","65","Arial","25","400","#233F38"
"A-booking","text-4","рядом","150","64","Arial","20","700","#233F38"
"A-booking","text-5","···","340","63","Arial","20","400","#233F38"
"A-booking","text-6","ЛИНИЯ / ЛИЧНЫЙ КАБИНЕТ","24","109","Arial","11","700","#5E6D65"
"A-booking","text-7","Вы записаны","24","154","Arial","28","700","#233F38"
"A-booking","text-8","ПОДТВЕРЖДЕНО · № 1042","24","180","Arial","13","400","#5E6D65"
"A-booking","text-9","2 октября · 16:00","40","241","Arial","17","700","#233F38"
"A-booking","text-10","Стрижка и укладка · 60 минут","40","265","Arial","13","400","#5E6D65"
"A-booking","text-11","Линия · Анна · 2 400 ₽","40","288","Arial","12","700","#285D4E"
"A-booking","text-12","Ул. Лесная, 12 · Москва, UTC+3","38","357","Arial","13","400","#233F38"
"A-booking","text-13","Оплата в салоне.","38","378","Arial","13","400","#233F38"
"A-booking","text-14","Хочу раньше","40","500","Arial","15","700","#FFFFFF"
"A-booking","text-15","Предложим время после отмены,","24","551","Arial","14","400","#5E6D65"
"A-booking","text-16","если оно подойдёт вашим условиям.","24","573","Arial","14","400","#5E6D65"
"A-booking","text-17","Салон","16","795","Arial","13","400","#5E6D65"
"A-booking","text-18","Записи","146","795","Arial","13","400","#5E6D65"
"A-booking","text-19","Награды","276","795","Arial","13","400","#5E6D65"
"A-request","text-1","9:41","24","28","Arial","13","700","#233F38"
"A-request","text-2","LTE  ▰","287","28","Arial","12","400","#233F38"
"A-request","text-3","‹","24","65","Arial","25","400","#233F38"
"A-request","text-4","рядом","150","64","Arial","20","700","#233F38"
"A-request","text-5","···","340","63","Arial","20","400","#233F38"
"A-request","text-6","ЛИНИЯ / ЛИЧНЫЙ КАБИНЕТ","24","109","Arial","11","700","#5E6D65"
"A-request","text-7","Подходящее окно","24","154","Arial","28","700","#233F38"
"A-request","text-8","Стрижка и укладка · новая запись","24","180","Arial","13","400","#5E6D65"
"A-request","text-9","Даты · не более 30 дней","24","217","Arial","12","400","#5E6D65"
"A-request","text-10","29.09.2026 — 05.10.2026","38","256","Arial","15","400","#233F38"
"A-request","text-11","Дни недели","24","300","Arial","12","400","#5E6D65"
"A-request","text-12","Пн   Вт   Ср   Чт   Пт   Сб   Вс","36","339","Arial","15","400","#233F38"
"A-request","text-13","Весь визит в диапазоне · Москва","24","383","Arial","12","400","#5E6D65"
"A-request","text-14","09:00  —  18:00","38","422","Arial","15","400","#233F38"
"A-request","text-15","Мастера","24","466","Arial","12","400","#5E6D65"
"A-request","text-16","Анна  ✓       Мария  ✓","38","505","Arial","15","400","#233F38"
"A-request","text-17","Минимум до визита · можно изменить","24","549","Arial","12","400","#5E6D65"
"A-request","text-18","1 час по умолчанию     ▾","38","588","Arial","15","400","#233F38"
"A-request","text-19","Это не запись. Время не удерживается.","24","630","Arial","13","400","#233F38"
"A-request","text-20","✓ Согласен на предложения этого запроса.","24","651","Arial","13","400","#233F38"
"A-request","text-21","Создать запрос","40","717","Arial","15","700","#FFFFFF"
"A-request","text-22","Салон","16","795","Arial","13","400","#5E6D65"
"A-request","text-23","Записи","146","795","Arial","13","400","#5E6D65"
"A-request","text-24","Награды","276","795","Arial","13","400","#5E6D65"
"A-offer","text-1","9:41","24","28","Arial","13","700","#233F38"
"A-offer","text-2","LTE  ▰","287","28","Arial","12","400","#233F38"
"A-offer","text-3","‹","24","65","Arial","25","400","#233F38"
"A-offer","text-4","рядом","150","64","Arial","20","700","#233F38"
"A-offer","text-5","···","340","63","Arial","20","400","#233F38"
"A-offer","text-6","ЛИНИЯ / ЛИЧНЫЙ КАБИНЕТ","24","109","Arial","11","700","#5E6D65"
"A-offer","text-7","Есть подходящее окно","24","154","Arial","28","700","#233F38"
"A-offer","text-8","ПРЕДЛОЖЕНИЕ · 29 СЕНТЯБРЯ","24","180","Arial","13","400","#5E6D65"
"A-offer","text-9","Сегодня · 14:00–15:00","40","242","Arial","17","700","#233F38"
"A-offer","text-10","Стрижка и укладка · Анна","40","266","Arial","13","400","#5E6D65"
"A-offer","text-11","Линия · Москва, UTC+3","40","289","Arial","12","700","#285D4E"
"A-offer","text-12","2 400 ₽","24","350","Arial","34","700","#233F38"
"A-offer","text-13","Итоговая цена · оплата в салоне","24","379","Arial","13","400","#5E6D65"
"A-offer","text-14","Действует до 12:10 · осталось 08:42","38","431","Arial","13","400","#233F38"
"A-offer","text-15","Время доступно другим клиентам","38","452","Arial","13","400","#233F38"
"A-offer","text-16","и не зарезервировано.","38","473","Arial","13","400","#233F38"
"A-offer","text-17","Перед записью ещё раз проверим время.","24","518","Arial","14","400","#5E6D65"
"A-offer","text-18","Оно может стать недоступным.","24","539","Arial","14","400","#5E6D65"
"A-offer","text-19","Записаться","40","612","Arial","15","700","#FFFFFF"
"A-offer","text-20","Не подходит","40","674","Arial","15","700","#233F38"
"A-offer","text-21","Салон","16","795","Arial","13","400","#5E6D65"
"A-offer","text-22","Записи","146","795","Arial","13","400","#5E6D65"
"A-offer","text-23","Награды","276","795","Arial","13","400","#5E6D65"
"A-calendar","text-1","9:41","24","28","Arial","13","700","#233F38"
"A-calendar","text-2","LTE  ▰","287","28","Arial","12","400","#233F38"
"A-calendar","text-3","‹","24","65","Arial","25","400","#233F38"
"A-calendar","text-4","рядом","150","64","Arial","20","700","#233F38"
"A-calendar","text-5","···","340","63","Arial","20","400","#233F38"
"A-calendar","text-6","ЛИНИЯ / АДМИНИСТРАТОР","24","109","Arial","11","700","#5E6D65"
"A-calendar","text-7","Календарь","24","154","Arial","28","700","#233F38"
"A-calendar","text-8","29 сентября · вторник · Москва, UTC+3","24","180","Arial","13","400","#5E6D65"
"A-calendar","text-9","Все мастера    Анна    Мария","24","217","Arial","14","700","#285D4E"
"A-calendar","text-10","09:00 — 10:00 · Ирина","40","270","Arial","17","700","#233F38"
"A-calendar","text-11","Анна · стрижка и укладка","40","294","Arial","13","400","#5E6D65"
"A-calendar","text-12","Подтверждена →","40","317","Arial","12","700","#285D4E"
"A-calendar","text-13","12:00 — 13:00 · Анна","40","374","Arial","17","700","#233F38"
"A-calendar","text-14","Анна · стрижка и укладка","40","398","Arial","13","400","#5E6D65"
"A-calendar","text-15","Подтверждена →","40","421","Arial","12","700","#285D4E"
"A-calendar","text-16","14:00 — 15:00 · Окно","40","478","Arial","17","700","#233F38"
"A-calendar","text-17","Анна · стрижка и укладка","40","502","Arial","13","400","#5E6D65"
"A-calendar","text-18","Ждём ответ →","40","525","Arial","12","700","#285D4E"
"A-calendar","text-19","2 назначения · 1 свободное окно","38","597","Arial","13","400","#233F38"
"A-calendar","text-20","Нажмите запись, чтобы открыть детали.","38","618","Arial","13","400","#233F38"
"A-calendar","text-21","День","16","795","Arial","13","700","#285D4E"
"A-calendar","text-22","Окна","113.5","795","Arial","13","400","#5E6D65"
"A-calendar","text-23","Клиенты","211","795","Arial","13","400","#5E6D65"
"A-calendar","text-24","Услуги","308.5","795","Arial","13","400","#5E6D65"
"A-window","text-1","9:41","24","28","Arial","13","700","#233F38"
"A-window","text-2","LTE  ▰","287","28","Arial","12","400","#233F38"
"A-window","text-3","‹","24","65","Arial","25","400","#233F38"
"A-window","text-4","рядом","150","64","Arial","20","700","#233F38"
"A-window","text-5","···","340","63","Arial","20","400","#233F38"
"A-window","text-6","ЛИНИЯ / АДМИНИСТРАТОР","24","109","Arial","11","700","#5E6D65"
"A-window","text-7","Живое окно","24","154","Arial","28","700","#233F38"
"A-window","text-8","Линия · автоматические предложения","24","180","Arial","13","400","#5E6D65"
"A-window","text-9","3 активных запроса","40","237","Arial","20","700","#233F38"
"A-window","text-10","На стрижку и укладку · Анна / Мария","40","260","Arial","12","400","#5E6D65"
"A-window","text-11","29 сентября · 14:00","40","327","Arial","17","700","#233F38"
"A-window","text-12","Анна · 60 минут","40","351","Arial","13","400","#5E6D65"
"A-window","text-13","Ждём ответ до 12:10","40","374","Arial","12","700","#285D4E"
"A-window","text-14","ЦЕПОЧКА ПРЕДЛОЖЕНИЙ","24","426","Arial","12","700","#5E6D65"
"A-window","text-15","01   Отказался · 11:58","50","463","Arial","14","400","#233F38"
"A-window","text-16","02   Предложение отправлено · ждём","50","518","Arial","14","700","#233F38"
"A-window","text-17","03   Следующий · ещё не отправлено","50","573","Arial","14","400","#233F38"
"A-window","text-18","Одновременно — один получатель.","24","637","Arial","13","400","#5E6D65"
"A-window","text-19","Остановить окно","40","704","Arial","15","700","#233F38"
"A-window","text-20","День","16","795","Arial","13","400","#5E6D65"
"A-window","text-21","Окна","113.5","795","Arial","13","700","#285D4E"
"A-window","text-22","Клиенты","211","795","Arial","13","400","#5E6D65"
"A-window","text-23","Услуги","308.5","795","Arial","13","400","#5E6D65"
"B-store","text-1","9:41","24","28","Arial","13","700","#402B26"
"B-store","text-2","LTE  ▰","287","28","Arial","12","400","#402B26"
"B-store","text-3","‹","24","65","Arial","25","400","#402B26"
"B-store","text-4","рядом","150","64","Arial","20","700","#402B26"
"B-store","text-5","···","340","63","Arial","20","400","#402B26"
"B-store","text-6","ЛИНИЯ / ЛИЧНЫЙ КАБИНЕТ","24","109","Arial","11","700","#796057"
"B-store","text-7","Ваш следующий визит","24","154","Arial","28","700","#402B26"
"B-store","text-8","Линия · студия волос","24","180","Arial","13","400","#796057"
"B-store","text-9","29","24","242","Arial","70","700","#98432B"
"B-store","text-10","СЕНТЯБРЯ","133","221","Arial","13","700","#796057"
"B-store","text-11","Есть время для себя","133","252","Arial","17","700","#402B26"
"B-store","text-12","Выберите услугу","24","365","Arial","21","700","#402B26"
"B-store","text-13","Стрижка и укладка","64","414","Arial","17","700","#402B26"
"B-store","text-14","60 минут · Анна или Мария","64","438","Arial","13","400","#796057"
"B-store","text-15","2 400 ₽   →","64","461","Arial","12","700","#98432B"
"B-store","text-16","Укладка","64","517","Arial","17","700","#402B26"
"B-store","text-17","45 минут · Мария","64","541","Arial","13","400","#796057"
"B-store","text-18","1 600 ₽   →","64","564","Arial","12","700","#98432B"
"B-store","text-19","Салон «Линия» · ул. Лесная, 12","38","627","Arial","13","400","#402B26"
"B-store","text-20","Ежедневно, 09:00–21:00","38","648","Arial","13","400","#402B26"
"B-store","text-21","Оплата в салоне после визита.","38","669","Arial","13","400","#402B26"
"B-store","text-22","Салон","16","795","Arial","13","700","#98432B"
"B-store","text-23","Записи","146","795","Arial","13","400","#796057"
"B-store","text-24","Награды","276","795","Arial","13","400","#796057"
"B-slots","text-1","9:41","24","28","Arial","13","700","#402B26"
"B-slots","text-2","LTE  ▰","287","28","Arial","12","400","#402B26"
"B-slots","text-3","‹","24","65","Arial","25","400","#402B26"
"B-slots","text-4","рядом","150","64","Arial","20","700","#402B26"
"B-slots","text-5","···","340","63","Arial","20","400","#402B26"
"B-slots","text-6","ЛИНИЯ / ЛИЧНЫЙ КАБИНЕТ","24","109","Arial","11","700","#796057"
"B-slots","text-7","Сначала ваш день","24","154","Arial","28","700","#402B26"
"B-slots","text-8","Стрижка и укладка · 60 мин · 2 400 ₽","24","180","Arial","13","400","#796057"
"B-slots","text-9","29 СЕНТЯБРЯ / ВТОРНИК","24","223","Arial","13","700","#796057"
"B-slots","text-10","Анна  ✓","40","269","Arial","15","700","#402B26"
"B-slots","text-11","Мария","218","269","Arial","15","700","#402B26"
"B-slots","text-12","29 сен     30 сен     01 окт","24","321","Arial","18","700","#402B26"
"B-slots","text-13","Москва · UTC+3","24","351","Arial","12","400","#796057"
"B-slots","text-14","12:00","40","410","Arial","15","700","#402B26"
"B-slots","text-15","15:00","218","410","Arial","15","700","#402B26"
"B-slots","text-16","Свободное время может измениться.","38","477","Arial","13","400","#402B26"
"B-slots","text-17","Проверим его перед подтверждением.","38","498","Arial","13","400","#402B26"
"B-slots","text-18","Нет подходящего времени","40","650","Arial","15","700","#402B26"
"B-slots","text-19","Салон","16","795","Arial","13","400","#796057"
"B-slots","text-20","Записи","146","795","Arial","13","400","#796057"
"B-slots","text-21","Награды","276","795","Arial","13","400","#796057"
"B-empty","text-1","9:41","24","28","Arial","13","700","#402B26"
"B-empty","text-2","LTE  ▰","287","28","Arial","12","400","#402B26"
"B-empty","text-3","‹","24","65","Arial","25","400","#402B26"
"B-empty","text-4","рядом","150","64","Arial","20","700","#402B26"
"B-empty","text-5","···","340","63","Arial","20","400","#402B26"
"B-empty","text-6","ЛИНИЯ / ЛИЧНЫЙ КАБИНЕТ","24","109","Arial","11","700","#796057"
"B-empty","text-7","Сначала ваш день","24","154","Arial","28","700","#402B26"
"B-empty","text-8","Стрижка и укладка · 60 мин · 2 400 ₽","24","180","Arial","13","400","#796057"
"B-empty","text-9","29 СЕНТЯБРЯ / ВТОРНИК","24","223","Arial","13","700","#796057"
"B-empty","text-10","Анна  ✓","40","269","Arial","15","700","#402B26"
"B-empty","text-11","Мария","218","269","Arial","15","700","#402B26"
"B-empty","text-12","29 сен     30 сен     01 окт","24","321","Arial","18","700","#402B26"
"B-empty","text-13","Москва · UTC+3","24","351","Arial","12","400","#796057"
"B-empty","text-14","Подходящего времени нет","64","409","Arial","17","700","#402B26"
"B-empty","text-15","Попробуйте другой день или мастера.","64","433","Arial","13","400","#796057"
"B-empty","text-16","Изменить день или мастера","40","530","Arial","15","700","#402B26"
"B-empty","text-17","Сообщить об окне","40","595","Arial","15","700","#FFFFFF"
"B-empty","text-18","Запрос ожидания не является записью","38","662","Arial","13","400","#402B26"
"B-empty","text-19","и не резервирует время.","38","683","Arial","13","400","#402B26"
"B-empty","text-20","Салон","16","795","Arial","13","400","#796057"
"B-empty","text-21","Записи","146","795","Arial","13","400","#796057"
"B-empty","text-22","Награды","276","795","Arial","13","400","#796057"
"B-booking","text-1","9:41","24","28","Arial","13","700","#402B26"
"B-booking","text-2","LTE  ▰","287","28","Arial","12","400","#402B26"
"B-booking","text-3","‹","24","65","Arial","25","400","#402B26"
"B-booking","text-4","рядом","150","64","Arial","20","700","#402B26"
"B-booking","text-5","···","340","63","Arial","20","400","#402B26"
"B-booking","text-6","ЛИНИЯ / ЛИЧНЫЙ КАБИНЕТ","24","109","Arial","11","700","#796057"
"B-booking","text-7","Вы записаны","24","154","Arial","28","700","#402B26"
"B-booking","text-8","ПОДТВЕРЖДЕНО · № 1042","24","180","Arial","13","400","#796057"
"B-booking","text-9","2 октября · 16:00","64","241","Arial","17","700","#402B26"
"B-booking","text-10","Стрижка и укладка · 60 минут","64","265","Arial","13","400","#796057"
"B-booking","text-11","Линия · Анна · 2 400 ₽","64","288","Arial","12","700","#98432B"
"B-booking","text-12","Ул. Лесная, 12 · Москва, UTC+3","38","357","Arial","13","400","#402B26"
"B-booking","text-13","Оплата в салоне.","38","378","Arial","13","400","#402B26"
"B-booking","text-14","Хочу раньше","40","500","Arial","15","700","#FFFFFF"
"B-booking","text-15","Предложим время после отмены,","24","551","Arial","14","400","#796057"
"B-booking","text-16","если оно подойдёт вашим условиям.","24","573","Arial","14","400","#796057"
"B-booking","text-17","Салон","16","795","Arial","13","400","#796057"
"B-booking","text-18","Записи","146","795","Arial","13","400","#796057"
"B-booking","text-19","Награды","276","795","Arial","13","400","#796057"
"B-request","text-1","9:41","24","28","Arial","13","700","#402B26"
"B-request","text-2","LTE  ▰","287","28","Arial","12","400","#402B26"
"B-request","text-3","‹","24","65","Arial","25","400","#402B26"
"B-request","text-4","рядом","150","64","Arial","20","700","#402B26"
"B-request","text-5","···","340","63","Arial","20","400","#402B26"
"B-request","text-6","ЛИНИЯ / ЛИЧНЫЙ КАБИНЕТ","24","109","Arial","11","700","#796057"
"B-request","text-7","Подходящее окно","24","154","Arial","28","700","#402B26"
"B-request","text-8","Стрижка и укладка · новая запись","24","180","Arial","13","400","#796057"
"B-request","text-9","Даты · не более 30 дней","24","217","Arial","12","400","#796057"
"B-request","text-10","29.09.2026 — 05.10.2026","38","256","Arial","15","400","#402B26"
"B-request","text-11","Дни недели","24","300","Arial","12","400","#796057"
"B-request","text-12","Пн   Вт   Ср   Чт   Пт   Сб   Вс","36","339","Arial","15","400","#402B26"
"B-request","text-13","Весь визит в диапазоне · Москва","24","383","Arial","12","400","#796057"
"B-request","text-14","09:00  —  18:00","38","422","Arial","15","400","#402B26"
"B-request","text-15","Мастера","24","466","Arial","12","400","#796057"
"B-request","text-16","Анна  ✓       Мария  ✓","38","505","Arial","15","400","#402B26"
"B-request","text-17","Минимум до визита · можно изменить","24","549","Arial","12","400","#796057"
"B-request","text-18","1 час по умолчанию     ▾","38","588","Arial","15","400","#402B26"
"B-request","text-19","Это не запись. Время не удерживается.","24","630","Arial","13","400","#402B26"
"B-request","text-20","✓ Согласен на предложения этого запроса.","24","651","Arial","13","400","#402B26"
"B-request","text-21","Создать запрос","40","717","Arial","15","700","#FFFFFF"
"B-request","text-22","Салон","16","795","Arial","13","400","#796057"
"B-request","text-23","Записи","146","795","Arial","13","400","#796057"
"B-request","text-24","Награды","276","795","Arial","13","400","#796057"
"B-offer","text-1","9:41","24","28","Arial","13","700","#402B26"
"B-offer","text-2","LTE  ▰","287","28","Arial","12","400","#402B26"
"B-offer","text-3","‹","24","65","Arial","25","400","#402B26"
"B-offer","text-4","рядом","150","64","Arial","20","700","#402B26"
"B-offer","text-5","···","340","63","Arial","20","400","#402B26"
"B-offer","text-6","ЛИНИЯ / ЛИЧНЫЙ КАБИНЕТ","24","109","Arial","11","700","#796057"
"B-offer","text-7","Есть подходящее окно","24","154","Arial","28","700","#402B26"
"B-offer","text-8","ПРЕДЛОЖЕНИЕ · 29 СЕНТЯБРЯ","24","180","Arial","13","400","#796057"
"B-offer","text-9","Сегодня · 14:00–15:00","64","242","Arial","17","700","#402B26"
"B-offer","text-10","Стрижка и укладка · Анна","64","266","Arial","13","400","#796057"
"B-offer","text-11","Линия · Москва, UTC+3","64","289","Arial","12","700","#98432B"
"B-offer","text-12","2 400 ₽","24","350","Arial","34","700","#402B26"
"B-offer","text-13","Итоговая цена · оплата в салоне","24","379","Arial","13","400","#796057"
"B-offer","text-14","Действует до 12:10 · осталось 08:42","38","431","Arial","13","400","#402B26"
"B-offer","text-15","Время доступно другим клиентам","38","452","Arial","13","400","#402B26"
"B-offer","text-16","и не зарезервировано.","38","473","Arial","13","400","#402B26"
"B-offer","text-17","Перед записью ещё раз проверим время.","24","518","Arial","14","400","#796057"
"B-offer","text-18","Оно может стать недоступным.","24","539","Arial","14","400","#796057"
"B-offer","text-19","Записаться","40","612","Arial","15","700","#FFFFFF"
"B-offer","text-20","Не подходит","40","674","Arial","15","700","#402B26"
"B-offer","text-21","Салон","16","795","Arial","13","400","#796057"
"B-offer","text-22","Записи","146","795","Arial","13","400","#796057"
"B-offer","text-23","Награды","276","795","Arial","13","400","#796057"
"B-calendar","text-1","9:41","24","28","Arial","13","700","#402B26"
"B-calendar","text-2","LTE  ▰","287","28","Arial","12","400","#402B26"
"B-calendar","text-3","‹","24","65","Arial","25","400","#402B26"
"B-calendar","text-4","рядом","150","64","Arial","20","700","#402B26"
"B-calendar","text-5","···","340","63","Arial","20","400","#402B26"
"B-calendar","text-6","ЛИНИЯ / АДМИНИСТРАТОР","24","109","Arial","11","700","#796057"
"B-calendar","text-7","Линия вашего дня","24","154","Arial","28","700","#402B26"
"B-calendar","text-8","29 сентября · вторник · Москва, UTC+3","24","180","Arial","13","400","#796057"
"B-calendar","text-9","Все мастера    Анна    Мария","24","217","Arial","14","700","#98432B"
"B-calendar","text-10","09:00 — 10:00 · Ирина","64","270","Arial","17","700","#402B26"
"B-calendar","text-11","Анна · стрижка и укладка","64","294","Arial","13","400","#796057"
"B-calendar","text-12","Подтверждена →","64","317","Arial","12","700","#98432B"
"B-calendar","text-13","12:00 — 13:00 · Анна","64","374","Arial","17","700","#402B26"
"B-calendar","text-14","Анна · стрижка и укладка","64","398","Arial","13","400","#796057"
"B-calendar","text-15","Подтверждена →","64","421","Arial","12","700","#98432B"
"B-calendar","text-16","14:00 — 15:00 · Окно","64","478","Arial","17","700","#402B26"
"B-calendar","text-17","Анна · стрижка и укладка","64","502","Arial","13","400","#796057"
"B-calendar","text-18","Ждём ответ →","64","525","Arial","12","700","#98432B"
"B-calendar","text-19","2 назначения · 1 свободное окно","38","597","Arial","13","400","#402B26"
"B-calendar","text-20","Нажмите запись, чтобы открыть детали.","38","618","Arial","13","400","#402B26"
"B-calendar","text-21","День","16","795","Arial","13","700","#98432B"
"B-calendar","text-22","Окна","113.5","795","Arial","13","400","#796057"
"B-calendar","text-23","Клиенты","211","795","Arial","13","400","#796057"
"B-calendar","text-24","Услуги","308.5","795","Arial","13","400","#796057"
"B-window","text-1","9:41","24","28","Arial","13","700","#402B26"
"B-window","text-2","LTE  ▰","287","28","Arial","12","400","#402B26"
"B-window","text-3","‹","24","65","Arial","25","400","#402B26"
"B-window","text-4","рядом","150","64","Arial","20","700","#402B26"
"B-window","text-5","···","340","63","Arial","20","400","#402B26"
"B-window","text-6","ЛИНИЯ / АДМИНИСТРАТОР","24","109","Arial","11","700","#796057"
"B-window","text-7","Живое окно","24","154","Arial","28","700","#402B26"
"B-window","text-8","Линия · автоматические предложения","24","180","Arial","13","400","#796057"
"B-window","text-9","3 активных запроса","40","237","Arial","20","700","#402B26"
"B-window","text-10","На стрижку и укладку · Анна / Мария","40","260","Arial","12","400","#796057"
"B-window","text-11","29 сентября · 14:00","64","327","Arial","17","700","#402B26"
"B-window","text-12","Анна · 60 минут","64","351","Arial","13","400","#796057"
"B-window","text-13","Ждём ответ до 12:10","64","374","Arial","12","700","#98432B"
"B-window","text-14","ЦЕПОЧКА ПРЕДЛОЖЕНИЙ","24","426","Arial","12","700","#796057"
"B-window","text-15","01   Отказался · 11:58","50","463","Arial","14","400","#402B26"
"B-window","text-16","02   Предложение отправлено · ждём","50","518","Arial","14","700","#402B26"
"B-window","text-17","03   Следующий · ещё не отправлено","50","573","Arial","14","400","#402B26"
"B-window","text-18","Одновременно — один получатель.","24","637","Arial","13","400","#796057"
"B-window","text-19","Остановить окно","40","704","Arial","15","700","#402B26"
"B-window","text-20","День","16","795","Arial","13","400","#796057"
"B-window","text-21","Окна","113.5","795","Arial","13","700","#98432B"
"B-window","text-22","Клиенты","211","795","Arial","13","400","#796057"
"B-window","text-23","Услуги","308.5","795","Arial","13","400","#796057"
"C-store","text-1","9:41","24","28","Arial","13","700","#1D304D"
"C-store","text-2","LTE  ▰","287","28","Arial","12","400","#1D304D"
"C-store","text-3","‹","24","65","Arial","25","400","#1D304D"
"C-store","text-4","рядом","150","64","Arial","20","700","#1D304D"
"C-store","text-5","···","340","63","Arial","20","400","#1D304D"
"C-store","text-6","ЛИНИЯ / ЛИЧНЫЙ КАБИНЕТ","24","109","Arial","11","700","#58677D"
"C-store","text-7","Услуги     Записи     Награды","24","155","Arial","15","700","#294FA0"
"C-store","text-8","Услуги «Линии»","24","218","Arial","25","700","#1D304D"
"C-store","text-9","Каталог / Волосы","24","245","Arial","13","400","#58677D"
"C-store","text-10","Поиск по названию услуги","38","299","Arial","14","400","#58677D"
"C-store","text-11","УСЛУГА","24","367","Arial","12","400","#58677D"
"C-store","text-12","ЦЕНА / ВРЕМЯ","168","367","Arial","14","600","#1D304D"
"C-store","text-13","Стрижка и укладка","24","431","Arial","17","700","#1D304D"
"C-store","text-14","Анна · Мария","24","457","Arial","13","400","#58677D"
"C-store","text-15","2 400 ₽","240","431","Arial","17","700","#1D304D"
"C-store","text-16","60 мин →","240","457","Arial","13","400","#294FA0"
"C-store","text-17","Укладка","24","526","Arial","17","700","#1D304D"
"C-store","text-18","Мария","24","552","Arial","13","400","#58677D"
"C-store","text-19","1 600 ₽","240","526","Arial","17","700","#1D304D"
"C-store","text-20","45 мин →","240","552","Arial","13","400","#294FA0"
"C-store","text-21","Ул. Лесная, 12 · Москва","38","648","Arial","13","400","#1D304D"
"C-store","text-22","Оплата после визита в салоне.","38","669","Arial","13","400","#1D304D"
"C-store","text-23","Линия / Личный кабинет","24","795","Arial","13","400","#58677D"
"C-slots","text-1","9:41","24","28","Arial","13","700","#1D304D"
"C-slots","text-2","LTE  ▰","287","28","Arial","12","400","#1D304D"
"C-slots","text-3","‹","24","65","Arial","25","400","#1D304D"
"C-slots","text-4","рядом","150","64","Arial","20","700","#1D304D"
"C-slots","text-5","···","340","63","Arial","20","400","#1D304D"
"C-slots","text-6","ЛИНИЯ / ЛИЧНЫЙ КАБИНЕТ","24","109","Arial","11","700","#58677D"
"C-slots","text-7","Услуги     Записи     Награды","24","155","Arial","15","700","#294FA0"
"C-slots","text-8","Свободное время","24","218","Arial","25","700","#1D304D"
"C-slots","text-9","Стрижка и укладка / 60 минут","24","245","Arial","13","400","#58677D"
"C-slots","text-10","Дата","24","295","Arial","12","400","#58677D"
"C-slots","text-11","29 сентября  ▾","168","295","Arial","14","600","#1D304D"
"C-slots","text-12","Мастер","24","342","Arial","12","400","#58677D"
"C-slots","text-13","Любой  ▾","168","342","Arial","14","600","#1D304D"
"C-slots","text-14","Часовой пояс","24","389","Arial","12","400","#58677D"
"C-slots","text-15","Москва · UTC+3","168","389","Arial","14","600","#1D304D"
"C-slots","text-16","МАСТЕР","24","449","Arial","11","700","#58677D"
"C-slots","text-17","ДОСТУПНО","168","449","Arial","11","700","#58677D"
"C-slots","text-18","Анна","24","487","Arial","12","400","#58677D"
"C-slots","text-19","12:00     15:00","168","487","Arial","14","600","#1D304D"
"C-slots","text-20","Мария","24","534","Arial","12","400","#58677D"
"C-slots","text-21","12:00     16:00","168","534","Arial","14","600","#1D304D"
"C-slots","text-22","Выбрать 12:00 у Анны","40","676","Arial","15","700","#FFFFFF"
"C-slots","text-23","Линия / Личный кабинет","24","795","Arial","13","400","#58677D"
"C-empty","text-1","9:41","24","28","Arial","13","700","#1D304D"
"C-empty","text-2","LTE  ▰","287","28","Arial","12","400","#1D304D"
"C-empty","text-3","‹","24","65","Arial","25","400","#1D304D"
"C-empty","text-4","рядом","150","64","Arial","20","700","#1D304D"
"C-empty","text-5","···","340","63","Arial","20","400","#1D304D"
"C-empty","text-6","ЛИНИЯ / ЛИЧНЫЙ КАБИНЕТ","24","109","Arial","11","700","#58677D"
"C-empty","text-7","Услуги     Записи     Награды","24","155","Arial","15","700","#294FA0"
"C-empty","text-8","Свободное время","24","218","Arial","25","700","#1D304D"
"C-empty","text-9","Стрижка и укладка / 60 минут","24","245","Arial","13","400","#58677D"
"C-empty","text-10","Дата","24","295","Arial","12","400","#58677D"
"C-empty","text-11","29 сентября  ▾","168","295","Arial","14","600","#1D304D"
"C-empty","text-12","Мастер","24","342","Arial","12","400","#58677D"
"C-empty","text-13","Любой  ▾","168","342","Arial","14","600","#1D304D"
"C-empty","text-14","Часовой пояс","24","389","Arial","12","400","#58677D"
"C-empty","text-15","Москва · UTC+3","168","389","Arial","14","600","#1D304D"
"C-empty","text-16","МАСТЕР","24","449","Arial","11","700","#58677D"
"C-empty","text-17","ДОСТУПНО","168","449","Arial","11","700","#58677D"
"C-empty","text-18","На выбранную дату слотов нет.","38","499","Arial","13","400","#1D304D"
"C-empty","text-19","Измените фильтр или оставьте запрос.","38","520","Arial","13","400","#1D304D"
"C-empty","text-20","Сообщить об окне","40","655","Arial","15","700","#FFFFFF"
"C-empty","text-21","Линия / Личный кабинет","24","795","Arial","13","400","#58677D"
"C-booking","text-1","9:41","24","28","Arial","13","700","#1D304D"
"C-booking","text-2","LTE  ▰","287","28","Arial","12","400","#1D304D"
"C-booking","text-3","‹","24","65","Arial","25","400","#1D304D"
"C-booking","text-4","рядом","150","64","Arial","20","700","#1D304D"
"C-booking","text-5","···","340","63","Arial","20","400","#1D304D"
"C-booking","text-6","ЛИНИЯ / ЛИЧНЫЙ КАБИНЕТ","24","109","Arial","11","700","#58677D"
"C-booking","text-7","Услуги     Записи     Награды","24","155","Arial","15","700","#294FA0"
"C-booking","text-8","Запись № 1042","24","218","Arial","25","700","#1D304D"
"C-booking","text-9","Подтверждена","24","245","Arial","13","400","#58677D"
"C-booking","text-10","Время","24","306","Arial","12","400","#58677D"
"C-booking","text-11","2 окт · 16:00","168","306","Arial","14","600","#1D304D"
"C-booking","text-12","Услуга","24","356","Arial","12","400","#58677D"
"C-booking","text-13","Стрижка и укладка","168","356","Arial","14","600","#1D304D"
"C-booking","text-14","Мастер","24","406","Arial","12","400","#58677D"
"C-booking","text-15","Анна","168","406","Arial","14","600","#1D304D"
"C-booking","text-16","Длительность","24","456","Arial","12","400","#58677D"
"C-booking","text-17","60 минут","168","456","Arial","14","600","#1D304D"
"C-booking","text-18","Итого","24","506","Arial","12","400","#58677D"
"C-booking","text-19","2 400 ₽","168","506","Arial","14","600","#1D304D"
"C-booking","text-20","Линия · ул. Лесная, 12","38","587","Arial","13","400","#1D304D"
"C-booking","text-21","Москва · UTC+3","38","608","Arial","13","400","#1D304D"
"C-booking","text-22","Хочу раньше","40","696","Arial","15","700","#FFFFFF"
"C-booking","text-23","Линия / Личный кабинет","24","795","Arial","13","400","#58677D"
"C-request","text-1","9:41","24","28","Arial","13","700","#1D304D"
"C-request","text-2","LTE  ▰","287","28","Arial","12","400","#1D304D"
"C-request","text-3","‹","24","65","Arial","25","400","#1D304D"
"C-request","text-4","рядом","150","64","Arial","20","700","#1D304D"
"C-request","text-5","···","340","63","Arial","20","400","#1D304D"
"C-request","text-6","ЛИНИЯ / ЛИЧНЫЙ КАБИНЕТ","24","109","Arial","11","700","#58677D"
"C-request","text-7","Услуги     Записи     Награды","24","155","Arial","15","700","#294FA0"
"C-request","text-8","Условия ожидания","24","218","Arial","25","700","#1D304D"
"C-request","text-9","Стрижка и укладка · 2 400 ₽","24","245","Arial","13","400","#58677D"
"C-request","text-10","Даты","24","301","Arial","12","400","#58677D"
"C-request","text-11","29 сен — 5 окт  ▾","168","301","Arial","14","600","#1D304D"
"C-request","text-12","Дни","24","352","Arial","12","400","#58677D"
"C-request","text-13","Пн Вт Ср Чт Пт Сб Вс","168","352","Arial","14","600","#1D304D"
"C-request","text-14","Весь визит","24","403","Arial","12","400","#58677D"
"C-request","text-15","09:00 — 18:00  ▾","168","403","Arial","14","600","#1D304D"
"C-request","text-16","Мастера","24","454","Arial","12","400","#58677D"
"C-request","text-17","Анна, Мария  ▾","168","454","Arial","14","600","#1D304D"
"C-request","text-18","До визита","24","505","Arial","12","400","#58677D"
"C-request","text-19","1 час (по умолч.) ▾","168","505","Arial","14","600","#1D304D"
"C-request","text-20","Измените любое условие в строке.","38","574","Arial","13","400","#1D304D"
"C-request","text-21","Запрос — не запись и не резерв.","38","595","Arial","13","400","#1D304D"
"C-request","text-22","✓ Согласие на предложения запроса","38","616","Arial","13","400","#1D304D"
"C-request","text-23","Создать запрос","40","696","Arial","15","700","#FFFFFF"
"C-request","text-24","Линия / Личный кабинет","24","795","Arial","13","400","#58677D"
"C-offer","text-1","9:41","24","28","Arial","13","700","#1D304D"
"C-offer","text-2","LTE  ▰","287","28","Arial","12","400","#1D304D"
"C-offer","text-3","‹","24","65","Arial","25","400","#1D304D"
"C-offer","text-4","рядом","150","64","Arial","20","700","#1D304D"
"C-offer","text-5","···","340","63","Arial","20","400","#1D304D"
"C-offer","text-6","ЛИНИЯ / ЛИЧНЫЙ КАБИНЕТ","24","109","Arial","11","700","#58677D"
"C-offer","text-7","Услуги     Записи     Награды","24","155","Arial","15","700","#294FA0"
"C-offer","text-8","Предложение № 02","24","218","Arial","25","700","#1D304D"
"C-offer","text-9","Активно до 12:10 · 29 сентября","24","245","Arial","13","400","#58677D"
"C-offer","text-10","Начало","24","304","Arial","12","400","#58677D"
"C-offer","text-11","Сегодня · 14:00","168","304","Arial","14","600","#1D304D"
"C-offer","text-12","Мастер","24","354","Arial","12","400","#58677D"
"C-offer","text-13","Анна","168","354","Arial","14","600","#1D304D"
"C-offer","text-14","Услуга","24","404","Arial","12","400","#58677D"
"C-offer","text-15","Стрижка и укладка","168","404","Arial","14","600","#1D304D"
"C-offer","text-16","Длительность","24","454","Arial","12","400","#58677D"
"C-offer","text-17","60 мин · Москва","168","454","Arial","14","600","#1D304D"
"C-offer","text-18","Итоговая цена","24","504","Arial","12","400","#58677D"
"C-offer","text-19","2 400 ₽","168","504","Arial","14","600","#1D304D"
"C-offer","text-20","Слот не зарезервирован.","38","571","Arial","13","400","#1D304D"
"C-offer","text-21","При принятии повторно проверим время.","38","592","Arial","13","400","#1D304D"
"C-offer","text-22","Записаться","40","665","Arial","15","700","#FFFFFF"
"C-offer","text-23","Не подходит","40","725","Arial","15","700","#1D304D"
"C-offer","text-24","Линия / Личный кабинет","24","795","Arial","13","400","#58677D"
"C-calendar","text-1","9:41","24","28","Arial","13","700","#1D304D"
"C-calendar","text-2","LTE  ▰","287","28","Arial","12","400","#1D304D"
"C-calendar","text-3","‹","24","65","Arial","25","400","#1D304D"
"C-calendar","text-4","рядом","150","64","Arial","20","700","#1D304D"
"C-calendar","text-5","···","340","63","Arial","20","400","#1D304D"
"C-calendar","text-6","ЛИНИЯ / АДМИНИСТРАТОР","24","109","Arial","11","700","#58677D"
"C-calendar","text-7","Календарь     Окна     CRM","24","155","Arial","15","700","#294FA0"
"C-calendar","text-8","День / 29 сентября","24","218","Arial","25","700","#1D304D"
"C-calendar","text-9","Все мастера · Москва, UTC+3","24","245","Arial","13","400","#58677D"
"C-calendar","text-10","ВРЕМЯ","24","296","Arial","11","700","#58677D"
"C-calendar","text-11","КЛИЕНТ / УСЛУГА","101","296","Arial","11","700","#58677D"
"C-calendar","text-12","МАСТЕР","282","296","Arial","11","700","#58677D"
"C-calendar","text-13","09:00","24","328","Arial","16","700","#1D304D"
"C-calendar","text-14","Ирина","101","328","Arial","16","700","#1D304D"
"C-calendar","text-15","Анна","282","328","Arial","14","400","#1D304D"
"C-calendar","text-16","Стрижка · 60 мин","101","353","Arial","12","400","#58677D"
"C-calendar","text-17","Подтверждена →","101","375","Arial","12","400","#294FA0"
"C-calendar","text-18","12:00","24","418","Arial","16","700","#1D304D"
"C-calendar","text-19","Анна","101","418","Arial","16","700","#1D304D"
"C-calendar","text-20","Анна","282","418","Arial","14","400","#1D304D"
"C-calendar","text-21","Стрижка · 60 мин","101","443","Arial","12","400","#58677D"
"C-calendar","text-22","Подтверждена →","101","465","Arial","12","400","#294FA0"
"C-calendar","text-23","14:00","24","508","Arial","16","700","#1D304D"
"C-calendar","text-24","Окно","101","508","Arial","16","700","#1D304D"
"C-calendar","text-25","Анна","282","508","Arial","14","400","#1D304D"
"C-calendar","text-26","Стрижка · 60 мин","101","533","Arial","12","400","#58677D"
"C-calendar","text-27","Ожидает ответ →","101","555","Arial","12","400","#294FA0"
"C-calendar","text-28","Откройте строку для деталей записи.","38","674","Arial","13","400","#1D304D"
"C-calendar","text-29","Линия / Рабочий кабинет","24","795","Arial","13","400","#58677D"
"C-window","text-1","9:41","24","28","Arial","13","700","#1D304D"
"C-window","text-2","LTE  ▰","287","28","Arial","12","400","#1D304D"
"C-window","text-3","‹","24","65","Arial","25","400","#1D304D"
"C-window","text-4","рядом","150","64","Arial","20","700","#1D304D"
"C-window","text-5","···","340","63","Arial","20","400","#1D304D"
"C-window","text-6","ЛИНИЯ / АДМИНИСТРАТОР","24","109","Arial","11","700","#58677D"
"C-window","text-7","Календарь     Окна     CRM","24","155","Arial","15","700","#294FA0"
"C-window","text-8","Окно / 29 сен, 14:00","24","218","Arial","25","700","#1D304D"
"C-window","text-9","Стрижка · Анна · 60 минут","24","245","Arial","13","400","#58677D"
"C-window","text-10","Запросов","24","299","Arial","12","400","#58677D"
"C-window","text-11","3 активных","168","299","Arial","14","600","#1D304D"
"C-window","text-12","Статус","24","346","Arial","12","400","#58677D"
"C-window","text-13","Ждём до 12:10","168","346","Arial","14","600","#1D304D"
"C-window","text-14","№","24","410","Arial","12","700","#58677D"
"C-window","text-15","ПРЕДЛОЖЕНИЕ","85","410","Arial","12","700","#58677D"
"C-window","text-16","01","24","448","Arial","12","400","#58677D"
"C-window","text-17","Отказался · 11:58","168","448","Arial","14","600","#1D304D"
"C-window","text-18","02","24","501","Arial","12","400","#58677D"
"C-window","text-19","Отправлено · ждём","168","501","Arial","14","600","#1D304D"
"C-window","text-20","03","24","554","Arial","12","400","#58677D"
"C-window","text-21","Ещё не отправлено","168","554","Arial","14","600","#1D304D"
"C-window","text-22","Активное предложение только одно.","38","624","Arial","13","400","#1D304D"
"C-window","text-23","Остановить окно","40","705","Arial","15","700","#1D304D"
"C-window","text-24","Линия / Рабочий кабинет","24","795","Arial","13","400","#58677D"
"A-confirm","text-1","9:41","24","28","Arial","13","700","#233F38"
"A-confirm","text-2","LTE  ▰","287","28","Arial","12","400","#233F38"
"A-confirm","text-3","‹","24","65","Arial","25","400","#233F38"
"A-confirm","text-4","рядом","150","64","Arial","20","700","#233F38"
"A-confirm","text-5","···","340","63","Arial","20","400","#233F38"
"A-confirm","text-6","ЛИНИЯ / ЛИЧНЫЙ КАБИНЕТ","24","109","Arial","11","700","#5E6D65"
"A-confirm","text-7","Проверьте запись","24","154","Arial","28","700","#233F38"
"A-confirm","text-8","Стрижка и укладка","24","180","Arial","13","400","#5E6D65"
"A-confirm","text-9","29 сентября · 12:00–13:00","40","239","Arial","17","700","#233F38"
"A-confirm","text-10","Анна · Линия · Москва, UTC+3","40","263","Arial","13","400","#5E6D65"
"A-confirm","text-11","ул. Лесная, 12","40","286","Arial","12","700","#285D4E"
"A-confirm","text-12","Стоимость услуги","24","352","Arial","15","400","#233F38"
"A-confirm","text-13","2 400 ₽","290","352","Arial","15","400","#233F38"
"A-confirm","text-14","Скидка","24","391","Arial","15","400","#233F38"
"A-confirm","text-15","0 ₽","280","391","Arial","15","400","#233F38"
"A-confirm","text-16","Итого","24","456","Arial","24","700","#233F38"
"A-confirm","text-17","2 400 ₽","255","456","Arial","24","700","#233F38"
"A-confirm","text-18","Оплата в салоне. Здесь списаний нет.","38","516","Arial","13","400","#233F38"
"A-confirm","text-19","Проверим доступность при подтверждении.","38","537","Arial","13","400","#233F38"
"A-confirm","text-20","Подтвердить запись","40","678","Arial","15","700","#FFFFFF"
"A-confirm","text-21","Салон","16","795","Arial","13","400","#5E6D65"
"A-confirm","text-22","Записи","146","795","Arial","13","400","#5E6D65"
"A-confirm","text-23","Награды","276","795","Arial","13","400","#5E6D65"
"A-bookings","text-1","9:41","24","28","Arial","13","700","#233F38"
"A-bookings","text-2","LTE  ▰","287","28","Arial","12","400","#233F38"
"A-bookings","text-3","‹","24","65","Arial","25","400","#233F38"
"A-bookings","text-4","рядом","150","64","Arial","20","700","#233F38"
"A-bookings","text-5","···","340","63","Arial","20","400","#233F38"
"A-bookings","text-6","ЛИНИЯ / ЛИЧНЫЙ КАБИНЕТ","24","109","Arial","11","700","#5E6D65"
"A-bookings","text-7","Мои записи","24","154","Arial","28","700","#233F38"
"A-bookings","text-8","Ближайшие     /     История →","24","180","Arial","13","400","#5E6D65"
"A-bookings","text-9","29 сентября · 12:00","40","248","Arial","17","700","#233F38"
"A-bookings","text-10","Стрижка и укладка · Анна","40","272","Arial","13","400","#5E6D65"
"A-bookings","text-11","Подтверждена · Линия →","40","295","Arial","12","700","#285D4E"
"A-bookings","text-12","2 октября · 16:00","40","354","Arial","17","700","#233F38"
"A-bookings","text-13","Стрижка и укладка · Анна","40","378","Arial","13","400","#5E6D65"
"A-bookings","text-14","Подтверждена · № 1042 →","40","401","Arial","12","700","#285D4E"
"A-bookings","text-15","Записаться ещё","40","560","Arial","15","700","#233F38"
"A-bookings","text-16","Салон","16","795","Arial","13","400","#5E6D65"
"A-bookings","text-17","Записи","146","795","Arial","13","700","#285D4E"
"A-bookings","text-18","Награды","276","795","Arial","13","400","#5E6D65"
"A-history","text-1","9:41","24","28","Arial","13","700","#233F38"
"A-history","text-2","LTE  ▰","287","28","Arial","12","400","#233F38"
"A-history","text-3","‹","24","65","Arial","25","400","#233F38"
"A-history","text-4","рядом","150","64","Arial","20","700","#233F38"
"A-history","text-5","···","340","63","Arial","20","400","#233F38"
"A-history","text-6","ЛИНИЯ / ЛИЧНЫЙ КАБИНЕТ","24","109","Arial","11","700","#5E6D65"
"A-history","text-7","История","24","154","Arial","28","700","#233F38"
"A-history","text-8","Визиты во всех ваших салонах","24","180","Arial","13","400","#5E6D65"
"A-history","text-9","12 сентября · Линия","40","248","Arial","17","700","#233F38"
"A-history","text-10","Стрижка и укладка · Анна","40","272","Arial","13","400","#5E6D65"
"A-history","text-11","Завершён · 2 400 ₽","40","295","Arial","12","700","#285D4E"
"A-history","text-12","20 августа · Линия","40","354","Arial","17","700","#233F38"
"A-history","text-13","Стрижка и укладка · Анна","40","378","Arial","13","400","#5E6D65"
"A-history","text-14","Завершён · 2 400 ₽","40","401","Arial","12","700","#285D4E"
"A-history","text-15","Салон","16","795","Arial","13","400","#5E6D65"
"A-history","text-16","Записи","146","795","Arial","13","400","#5E6D65"
"A-history","text-17","Награды","276","795","Arial","13","400","#5E6D65"
"A-requestSaved","text-1","9:41","24","28","Arial","13","700","#233F38"
"A-requestSaved","text-2","LTE  ▰","287","28","Arial","12","400","#233F38"
"A-requestSaved","text-3","‹","24","65","Arial","25","400","#233F38"
"A-requestSaved","text-4","рядом","150","64","Arial","20","700","#233F38"
"A-requestSaved","text-5","···","340","63","Arial","20","400","#233F38"
"A-requestSaved","text-6","ЛИНИЯ / ЛИЧНЫЙ КАБИНЕТ","24","109","Arial","11","700","#5E6D65"
"A-requestSaved","text-7","Запрос создан","24","154","Arial","28","700","#233F38"
"A-requestSaved","text-8","Ждём подходящее время","24","180","Arial","13","400","#5E6D65"
"A-requestSaved","text-9","Это не запись и не резерв времени.","38","241","Arial","13","400","#233F38"
"A-requestSaved","text-10","Предложение придёт от бота MAX,","38","262","Arial","13","400","#233F38"
"A-requestSaved","text-11","если после отмены появится окно.","38","283","Arial","13","400","#233F38"
"A-requestSaved","text-12","Стрижка и укладка","40","355","Arial","17","700","#233F38"
"A-requestSaved","text-13","29 сен — 5 окт · 09:00–18:00","40","379","Arial","13","400","#5E6D65"
"A-requestSaved","text-14","Любой день · Анна / Мария · за 1 час","40","402","Arial","12","700","#285D4E"
"A-requestSaved","text-15","Изменить предпочтения","40","583","Arial","15","700","#233F38"
"A-requestSaved","text-16","Закрыть запрос","40","645","Arial","15","700","#233F38"
"A-requestSaved","text-17","Салон","16","795","Arial","13","400","#5E6D65"
"A-requestSaved","text-18","Записи","146","795","Arial","13","400","#5E6D65"
"A-requestSaved","text-19","Награды","276","795","Arial","13","400","#5E6D65"
"A-offerMove","text-1","9:41","24","28","Arial","13","700","#233F38"
"A-offerMove","text-2","LTE  ▰","287","28","Arial","12","400","#233F38"
"A-offerMove","text-3","‹","24","65","Arial","25","400","#233F38"
"A-offerMove","text-4","рядом","150","64","Arial","20","700","#233F38"
"A-offerMove","text-5","···","340","63","Arial","20","400","#233F38"
"A-offerMove","text-6","ЛИНИЯ / ЛИЧНЫЙ КАБИНЕТ","24","109","Arial","11","700","#5E6D65"
"A-offerMove","text-7","Есть подходящее окно","24","154","Arial","28","700","#233F38"
"A-offerMove","text-8","ПРЕДЛОЖЕНИЕ · 29 СЕНТЯБРЯ","24","180","Arial","13","400","#5E6D65"
"A-offerMove","text-9","Сегодня · 14:00–15:00","40","242","Arial","17","700","#233F38"
"A-offerMove","text-10","Стрижка и укладка · Анна","40","266","Arial","13","400","#5E6D65"
"A-offerMove","text-11","Линия · Москва, UTC+3","40","289","Arial","12","700","#285D4E"
"A-offerMove","text-12","2 400 ₽","24","350","Arial","34","700","#233F38"
"A-offerMove","text-13","Итоговая цена · оплата в салоне","24","379","Arial","13","400","#5E6D65"
"A-offerMove","text-14","Действует до 12:10 · осталось 08:42","38","431","Arial","13","400","#233F38"
"A-offerMove","text-15","Время доступно другим клиентам","38","452","Arial","13","400","#233F38"
"A-offerMove","text-16","и не зарезервировано.","38","473","Arial","13","400","#233F38"
"A-offerMove","text-17","Перенос с 2 октября, 16:00.","24","518","Arial","14","400","#233F38"
"A-offerMove","text-18","Изменим запись № 1042, второй не будет.","24","539","Arial","14","400","#233F38"
"A-offerMove","text-19","При принятии повторно проверим время.","24","565","Arial","13","400","#5E6D65"
"A-offerMove","text-20","Перенести мою запись","40","612","Arial","15","700","#FFFFFF"
"A-offerMove","text-21","Не подходит","40","674","Arial","15","700","#233F38"
"A-offerMove","text-22","Салон","16","795","Arial","13","400","#5E6D65"
"A-offerMove","text-23","Записи","146","795","Arial","13","400","#5E6D65"
"A-offerMove","text-24","Награды","276","795","Arial","13","400","#5E6D65"
"A-moved","text-1","9:41","24","28","Arial","13","700","#233F38"
"A-moved","text-2","LTE  ▰","287","28","Arial","12","400","#233F38"
"A-moved","text-3","‹","24","65","Arial","25","400","#233F38"
"A-moved","text-4","рядом","150","64","Arial","20","700","#233F38"
"A-moved","text-5","···","340","63","Arial","20","400","#233F38"
"A-moved","text-6","ЛИНИЯ / ЛИЧНЫЙ КАБИНЕТ","24","109","Arial","11","700","#5E6D65"
"A-moved","text-7","Запись перенесена","24","154","Arial","28","700","#233F38"
"A-moved","text-8","ГОТОВО · № 1042","24","180","Arial","13","400","#5E6D65"
"A-moved","text-9","29 сентября · 14:00","40","245","Arial","17","700","#233F38"
"A-moved","text-10","Линия · Анна · 60 минут","40","269","Arial","13","400","#5E6D65"
"A-moved","text-11","2 400 ₽ · оплата в салоне","40","292","Arial","12","700","#285D4E"
"A-moved","text-12","Время 2 октября, 16:00 освобождено.","38","360","Arial","13","400","#233F38"
"A-moved","text-13","У вас одна запись № 1042.","38","381","Arial","13","400","#233F38"
"A-moved","text-14","Цена и условия сохранены.","38","402","Arial","13","400","#233F38"
"A-moved","text-15","К моим записям","40","635","Arial","15","700","#FFFFFF"
"A-moved","text-16","Салон","16","795","Arial","13","400","#5E6D65"
"A-moved","text-17","Записи","146","795","Arial","13","400","#5E6D65"
"A-moved","text-18","Награды","276","795","Arial","13","400","#5E6D65"
"A-decline","text-1","9:41","24","28","Arial","13","700","#233F38"
"A-decline","text-2","LTE  ▰","287","28","Arial","12","400","#233F38"
"A-decline","text-3","‹","24","65","Arial","25","400","#233F38"
"A-decline","text-4","рядом","150","64","Arial","20","700","#233F38"
"A-decline","text-5","···","340","63","Arial","20","400","#233F38"
"A-decline","text-6","ЛИНИЯ / ЛИЧНЫЙ КАБИНЕТ","24","109","Arial","11","700","#5E6D65"
"A-decline","text-7","Как поступить?","24","154","Arial","28","700","#233F38"
"A-decline","text-8","Предложение на 29 сентября · 14:00","24","180","Arial","13","400","#5E6D65"
"A-decline","text-9","Пропустить, ждать другое","40","269","Arial","15","700","#233F38"
"A-decline","text-10","Изменить предпочтения","40","341","Arial","15","700","#233F38"
"A-decline","text-11","Больше не предлагать","40","413","Arial","15","700","#233F38"
"A-decline","text-12","Изменение условий отзывает предложение.","38","505","Arial","13","400","#233F38"
"A-decline","text-13","Закрытие запроса отключает его сообщения.","38","526","Arial","13","400","#233F38"
"A-decline","text-14","Существующая запись сохранится.","38","547","Arial","13","400","#233F38"
"A-decline","text-15","Салон","16","795","Arial","13","400","#5E6D65"
"A-decline","text-16","Записи","146","795","Arial","13","400","#5E6D65"
"A-decline","text-17","Награды","276","795","Arial","13","400","#5E6D65"
"A-declined","text-1","9:41","24","28","Arial","13","700","#233F38"
"A-declined","text-2","LTE  ▰","287","28","Arial","12","400","#233F38"
"A-declined","text-3","‹","24","65","Arial","25","400","#233F38"
"A-declined","text-4","рядом","150","64","Arial","20","700","#233F38"
"A-declined","text-5","···","340","63","Arial","20","400","#233F38"
"A-declined","text-6","ЛИНИЯ / ЛИЧНЫЙ КАБИНЕТ","24","109","Arial","11","700","#5E6D65"
"A-declined","text-7","Будем искать дальше","24","154","Arial","28","700","#233F38"
"A-declined","text-8","Предложение отклонено","24","180","Arial","13","400","#5E6D65"
"A-declined","text-9","Запрос остаётся активным.","38","251","Arial","13","400","#233F38"
"A-declined","text-10","Предложим другое подходящее окно.","38","272","Arial","13","400","#233F38"
"A-declined","text-11","Существующая запись не меняется.","38","293","Arial","13","400","#233F38"
"A-declined","text-12","Мои записи","40","593","Arial","15","700","#FFFFFF"
"A-declined","text-13","Салон","16","795","Arial","13","400","#5E6D65"
"A-declined","text-14","Записи","146","795","Arial","13","400","#5E6D65"
"A-declined","text-15","Награды","276","795","Arial","13","400","#5E6D65"
"A-closed","text-1","9:41","24","28","Arial","13","700","#233F38"
"A-closed","text-2","LTE  ▰","287","28","Arial","12","400","#233F38"
"A-closed","text-3","‹","24","65","Arial","25","400","#233F38"
"A-closed","text-4","рядом","150","64","Arial","20","700","#233F38"
"A-closed","text-5","···","340","63","Arial","20","400","#233F38"
"A-closed","text-6","ЛИНИЯ / ЛИЧНЫЙ КАБИНЕТ","24","109","Arial","11","700","#5E6D65"
"A-closed","text-7","Запрос закрыт","24","154","Arial","28","700","#233F38"
"A-closed","text-8","Новых предложений по нему не будет","24","180","Arial","13","400","#5E6D65"
"A-closed","text-9","Существующая запись сохранена.","38","251","Arial","13","400","#233F38"
"A-closed","text-10","Можно создать новый запрос позже.","38","272","Arial","13","400","#233F38"
"A-closed","text-11","Мои записи","40","593","Arial","15","700","#FFFFFF"
"A-closed","text-12","Салон","16","795","Arial","13","400","#5E6D65"
"A-closed","text-13","Записи","146","795","Arial","13","400","#5E6D65"
"A-closed","text-14","Награды","276","795","Arial","13","400","#5E6D65"
"A-lost","text-1","9:41","24","28","Arial","13","700","#233F38"
"A-lost","text-2","LTE  ▰","287","28","Arial","12","400","#233F38"
"A-lost","text-3","‹","24","65","Arial","25","400","#233F38"
"A-lost","text-4","рядом","150","64","Arial","20","700","#233F38"
"A-lost","text-5","···","340","63","Arial","20","400","#233F38"
"A-lost","text-6","ЛИНИЯ / ЛИЧНЫЙ КАБИНЕТ","24","109","Arial","11","700","#5E6D65"
"A-lost","text-7","Время уже занято","24","154","Arial","28","700","#233F38"
"A-lost","text-8","Предложение недоступно","24","180","Arial","13","400","#5E6D65"
"A-lost","text-9","Другой клиент успел записаться.","38","251","Arial","13","400","#233F38"
"A-lost","text-10","Запрос продолжает ждать новое окно.","38","272","Arial","13","400","#233F38"
"A-lost","text-11","Если вы переносили запись, исходная","38","293","Arial","13","400","#233F38"
"A-lost","text-12","запись на 2 октября, 16:00 сохранена.","38","314","Arial","13","400","#233F38"
"A-lost","text-13","К моим записям","40","593","Arial","15","700","#FFFFFF"
"A-lost","text-14","Салон","16","795","Arial","13","400","#5E6D65"
"A-lost","text-15","Записи","146","795","Arial","13","400","#5E6D65"
"A-lost","text-16","Награды","276","795","Arial","13","400","#5E6D65"
"A-expired","text-1","9:41","24","28","Arial","13","700","#233F38"
"A-expired","text-2","LTE  ▰","287","28","Arial","12","400","#233F38"
"A-expired","text-3","‹","24","65","Arial","25","400","#233F38"
"A-expired","text-4","рядом","150","64","Arial","20","700","#233F38"
"A-expired","text-5","···","340","63","Arial","20","400","#233F38"
"A-expired","text-6","ЛИНИЯ / ЛИЧНЫЙ КАБИНЕТ","24","109","Arial","11","700","#5E6D65"
"A-expired","text-7","Срок истёк","24","154","Arial","28","700","#233F38"
"A-expired","text-8","Предложение недоступно","24","180","Arial","13","400","#5E6D65"
"A-expired","text-9","Ссылка действовала до 12:10.","38","251","Arial","13","400","#233F38"
"A-expired","text-10","Запрос продолжает ждать новое окно.","38","272","Arial","13","400","#233F38"
"A-expired","text-11","Если вы переносили запись, исходная","38","293","Arial","13","400","#233F38"
"A-expired","text-12","запись на 2 октября, 16:00 сохранена.","38","314","Arial","13","400","#233F38"
"A-expired","text-13","К моим записям","40","593","Arial","15","700","#FFFFFF"
"A-expired","text-14","Салон","16","795","Arial","13","400","#5E6D65"
"A-expired","text-15","Записи","146","795","Arial","13","400","#5E6D65"
"A-expired","text-16","Награды","276","795","Arial","13","400","#5E6D65"
"A-loyalty","text-1","9:41","24","28","Arial","13","700","#233F38"
"A-loyalty","text-2","LTE  ▰","287","28","Arial","12","400","#233F38"
"A-loyalty","text-3","‹","24","65","Arial","25","400","#233F38"
"A-loyalty","text-4","рядом","150","64","Arial","20","700","#233F38"
"A-loyalty","text-5","···","340","63","Arial","20","400","#233F38"
"A-loyalty","text-6","ЛИНИЯ / ЛИЧНЫЙ КАБИНЕТ","24","109","Arial","11","700","#5E6D65"
"A-loyalty","text-7","Приятно возвращаться","24","154","Arial","28","700","#233F38"
"A-loyalty","text-8","Линия · стрижка и укладка","24","180","Arial","13","400","#5E6D65"
"A-loyalty","text-9","ВАШ СЛЕДУЮЩИЙ ЦИКЛ","44","252","Arial","11","700","#285D4E"
"A-loyalty","text-10","4 из 5","44","304","Arial","42","700","#233F38"
"A-loyalty","text-11","Ещё один платный визит до награды","44","384","Arial","14","400","#233F38"
"A-loyalty","text-12","1 бесплатный визит","40","469","Arial","17","700","#233F38"
"A-loyalty","text-13","Награда прошлого цикла · без срока","40","493","Arial","13","400","#5E6D65"
"A-loyalty","text-14","Стрижка и укладка · 0 ₽","40","516","Arial","12","700","#285D4E"
"A-loyalty","text-15","Использовать награду","40","589","Arial","15","700","#FFFFFF"
"A-loyalty","text-16","Отметка — после завершённого платного","24","641","Arial","13","400","#5E6D65"
"A-loyalty","text-17","визита этой услуги в «Линии».","24","662","Arial","13","400","#5E6D65"
"A-loyalty","text-18","Бесплатный визит не даёт отметку.","24","683","Arial","13","400","#5E6D65"
"A-loyalty","text-19","Салон","16","795","Arial","13","400","#5E6D65"
"A-loyalty","text-20","Записи","146","795","Arial","13","400","#5E6D65"
"A-loyalty","text-21","Награды","276","795","Arial","13","700","#285D4E"
"A-crm","text-1","9:41","24","28","Arial","13","700","#233F38"
"A-crm","text-2","LTE  ▰","287","28","Arial","12","400","#233F38"
"A-crm","text-3","‹","24","65","Arial","25","400","#233F38"
"A-crm","text-4","рядом","150","64","Arial","20","700","#233F38"
"A-crm","text-5","···","340","63","Arial","20","400","#233F38"
"A-crm","text-6","ЛИНИЯ / АДМИНИСТРАТОР","24","109","Arial","11","700","#5E6D65"
"A-crm","text-7","Анна Смирнова","24","154","Arial","28","700","#233F38"
"A-crm","text-8","КЛИЕНТ САЛОНА «ЛИНИЯ»","24","180","Arial","13","400","#5E6D65"
"A-crm","text-9","8 визитов · постоянный","40","247","Arial","17","700","#233F38"
"A-crm","text-10","Последний: 12 сентября","40","271","Arial","13","400","#5E6D65"
"A-crm","text-11","Ближайший: 29 сентября, 12:00","40","294","Arial","12","700","#285D4E"
"A-crm","text-12","Внутренняя заметка","38","357","Arial","13","400","#233F38"
"A-crm","text-13","Предпочитает утреннее время.","38","378","Arial","13","400","#233F38"
"A-crm","text-14","Видна владельцу и администратору.","38","399","Arial","13","400","#233F38"
"A-crm","text-15","Стрижка и укладка","40","473","Arial","17","700","#233F38"
"A-crm","text-16","4 / 5 в новом цикле","40","497","Arial","13","400","#5E6D65"
"A-crm","text-17","Доступна 1 награда прошлого цикла","40","520","Arial","12","700","#285D4E"
"A-crm","text-18","12 сентября · завершён","40","580","Arial","17","700","#233F38"
"A-crm","text-19","Анна · стрижка и укладка","40","604","Arial","13","400","#5E6D65"
"A-crm","text-20","2 400 ₽","40","627","Arial","12","700","#285D4E"
"A-crm","text-21","День","16","795","Arial","13","400","#5E6D65"
"A-crm","text-22","Окна","113.5","795","Arial","13","400","#5E6D65"
"A-crm","text-23","Клиенты","211","795","Arial","13","700","#285D4E"
"A-crm","text-24","Услуги","308.5","795","Arial","13","400","#5E6D65"
"A-catalog","text-1","9:41","24","28","Arial","13","700","#233F38"
"A-catalog","text-2","LTE  ▰","287","28","Arial","12","400","#233F38"
"A-catalog","text-3","‹","24","65","Arial","25","400","#233F38"
"A-catalog","text-4","рядом","150","64","Arial","20","700","#233F38"
"A-catalog","text-5","···","340","63","Arial","20","400","#233F38"
"A-catalog","text-6","ЛИНИЯ / АДМИНИСТРАТОР","24","109","Arial","11","700","#5E6D65"
"A-catalog","text-7","Услуги","24","154","Arial","28","700","#233F38"
"A-catalog","text-8","Каталог салона «Линия»","24","180","Arial","13","400","#5E6D65"
"A-catalog","text-9","Стрижка и укладка","40","247","Arial","17","700","#233F38"
"A-catalog","text-10","60 минут · Анна, Мария","40","271","Arial","13","400","#5E6D65"
"A-catalog","text-11","2 400 ₽ · активна","40","294","Arial","12","700","#285D4E"
"A-catalog","text-12","Название","24","355","Arial","13","400","#5E6D65"
"A-catalog","text-13","Стрижка и укладка","38","398","Arial","16","400","#233F38"
"A-catalog","text-14","Длительность / цена","24","446","Arial","13","400","#5E6D65"
"A-catalog","text-15","60 мин                 2 400 ₽","38","489","Arial","16","400","#233F38"
"A-catalog","text-16","Новая цена — для новых записей.","38","559","Arial","13","400","#233F38"
"A-catalog","text-17","Подтверждённые сохраняют свою цену.","38","580","Arial","13","400","#233F38"
"A-catalog","text-18","Сохранить изменения","40","695","Arial","15","700","#FFFFFF"
"A-catalog","text-19","День","16","795","Arial","13","400","#5E6D65"
"A-catalog","text-20","Окна","113.5","795","Arial","13","400","#5E6D65"
"A-catalog","text-21","Клиенты","211","795","Arial","13","400","#5E6D65"
"A-catalog","text-22","Услуги","308.5","795","Arial","13","700","#285D4E"
"A-stop","text-1","9:41","24","28","Arial","13","700","#233F38"
"A-stop","text-2","LTE  ▰","287","28","Arial","12","400","#233F38"
"A-stop","text-3","‹","24","65","Arial","25","400","#233F38"
"A-stop","text-4","рядом","150","64","Arial","20","700","#233F38"
"A-stop","text-5","···","340","63","Arial","20","400","#233F38"
"A-stop","text-6","ЛИНИЯ / АДМИНИСТРАТОР","24","109","Arial","11","700","#5E6D65"
"A-stop","text-7","Остановить окно?","24","154","Arial","28","700","#233F38"
"A-stop","text-8","29 сентября · 14:00 · Анна","24","180","Arial","13","400","#5E6D65"
"A-stop","text-9","Активное предложение будет отозвано.","38","246","Arial","13","400","#233F38"
"A-stop","text-10","Следующим клиентам его не отправим.","38","267","Arial","13","400","#233F38"
"A-stop","text-11","Запросы сохранятся для других окон.","38","288","Arial","13","400","#233F38"
"A-stop","text-12","Время останется в обычной записи.","38","309","Arial","13","400","#233F38"
"A-stop","text-13","Причина","24","366","Arial","13","400","#5E6D65"
"A-stop","text-14","Решение администратора","38","410","Arial","15","400","#233F38"
"A-stop","text-15","Да, остановить окно","40","562","Arial","15","700","#FFFFFF"
"A-stop","text-16","Продолжить поиск","40","626","Arial","15","700","#233F38"
"A-stop","text-17","День","16","795","Arial","13","400","#5E6D65"
"A-stop","text-18","Окна","113.5","795","Arial","13","400","#5E6D65"
"A-stop","text-19","Клиенты","211","795","Arial","13","400","#5E6D65"
"A-stop","text-20","Услуги","308.5","795","Arial","13","400","#5E6D65"
"A-stopped","text-1","9:41","24","28","Arial","13","700","#233F38"
"A-stopped","text-2","LTE  ▰","287","28","Arial","12","400","#233F38"
"A-stopped","text-3","‹","24","65","Arial","25","400","#233F38"
"A-stopped","text-4","рядом","150","64","Arial","20","700","#233F38"
"A-stopped","text-5","···","340","63","Arial","20","400","#233F38"
"A-stopped","text-6","ЛИНИЯ / АДМИНИСТРАТОР","24","109","Arial","11","700","#5E6D65"
"A-stopped","text-7","Окно остановлено","24","154","Arial","28","700","#233F38"
"A-stopped","text-8","29 сентября · 14:00","24","180","Arial","13","400","#5E6D65"
"A-stopped","text-9","Предложение кандидату 02 отозвано.","38","247","Arial","13","400","#233F38"
"A-stopped","text-10","Кандидату 03 ничего не отправлено.","38","268","Arial","13","400","#233F38"
"A-stopped","text-11","3 запроса ждут другие окна.","38","289","Arial","13","400","#233F38"
"A-stopped","text-12","Время доступно в обычной записи.","38","310","Arial","13","400","#233F38"
"A-stopped","text-13","В календарь","40","593","Arial","15","700","#FFFFFF"
"A-stopped","text-14","День","16","795","Arial","13","400","#5E6D65"
"A-stopped","text-15","Окна","113.5","795","Arial","13","400","#5E6D65"
"A-stopped","text-16","Клиенты","211","795","Arial","13","400","#5E6D65"
"A-stopped","text-17","Услуги","308.5","795","Arial","13","400","#5E6D65"
"A-visit","text-1","9:41","24","28","Arial","13","700","#233F38"
"A-visit","text-2","LTE  ▰","287","28","Arial","12","400","#233F38"
"A-visit","text-3","‹","24","65","Arial","25","400","#233F38"
"A-visit","text-4","рядом","150","64","Arial","20","700","#233F38"
"A-visit","text-5","···","340","63","Arial","20","400","#233F38"
"A-visit","text-6","ЛИНИЯ / АДМИНИСТРАТОР","24","109","Arial","11","700","#5E6D65"
"A-visit","text-7","Запись № 1041","24","154","Arial","28","700","#233F38"
"A-visit","text-8","Подтверждена","24","180","Arial","13","400","#5E6D65"
"A-visit","text-9","29 сентября · 12:00","40","246","Arial","17","700","#233F38"
"A-visit","text-10","Анна Смирнова · стрижка и укладка","40","270","Arial","13","400","#5E6D65"
"A-visit","text-11","Мастер Анна · 60 минут · 2 400 ₽","40","293","Arial","12","700","#285D4E"
"A-visit","text-12","Открыть клиента","40","516","Arial","15","700","#233F38"
"A-visit","text-13","Завершение и неявка доступны","38","589","Arial","13","400","#233F38"
"A-visit","text-14","сотруднику после начала визита.","38","610","Arial","13","400","#233F38"
"A-visit","text-15","День","16","795","Arial","13","400","#5E6D65"
"A-visit","text-16","Окна","113.5","795","Arial","13","400","#5E6D65"
"A-visit","text-17","Клиенты","211","795","Arial","13","400","#5E6D65"
"A-visit","text-18","Услуги","308.5","795","Arial","13","400","#5E6D65"
"A-paused","text-1","9:41","24","28","Arial","13","700","#233F38"
"A-paused","text-2","LTE  ▰","287","28","Arial","12","400","#233F38"
"A-paused","text-3","‹","24","65","Arial","25","400","#233F38"
"A-paused","text-4","рядом","150","64","Arial","20","700","#233F38"
"A-paused","text-5","···","340","63","Arial","20","400","#233F38"
"A-paused","text-6","ЛИНИЯ / ЛИЧНЫЙ КАБИНЕТ","24","109","Arial","11","700","#5E6D65"
"A-paused","text-7","Запрос на паузе","24","154","Arial","28","700","#233F38"
"A-paused","text-8","Бот MAX недоступен","24","180","Arial","13","400","#5E6D65"
"A-paused","text-9","Включите бота, чтобы получать окна.","38","249","Arial","13","400","#233F38"
"A-paused","text-10","Вход в mini-app не возобновляет бота.","38","270","Arial","13","400","#233F38"
"A-paused","text-11","Текущее предложение отозвано.","38","291","Arial","13","400","#233F38"
"A-paused","text-12","Вернуться к запросу","40","593","Arial","15","700","#233F38"
"A-paused","text-13","Салон","16","795","Arial","13","400","#5E6D65"
"A-paused","text-14","Записи","146","795","Arial","13","400","#5E6D65"
"A-paused","text-15","Награды","276","795","Arial","13","400","#5E6D65"
"A-error","text-1","9:41","24","28","Arial","13","700","#233F38"
"A-error","text-2","LTE  ▰","287","28","Arial","12","400","#233F38"
"A-error","text-3","‹","24","65","Arial","25","400","#233F38"
"A-error","text-4","рядом","150","64","Arial","20","700","#233F38"
"A-error","text-5","···","340","63","Arial","20","400","#233F38"
"A-error","text-6","ЛИНИЯ / ЛИЧНЫЙ КАБИНЕТ","24","109","Arial","11","700","#5E6D65"
"A-error","text-7","Не удалось загрузить","24","154","Arial","28","700","#233F38"
"A-error","text-8","Проверьте подключение к интернету","24","180","Arial","13","400","#5E6D65"
"A-error","text-9","Не удалось получить актуальные данные.","38","249","Arial","13","400","#233F38"
"A-error","text-10","Изменения не подтверждены.","38","270","Arial","13","400","#233F38"
"A-error","text-11","Повторить","40","593","Arial","15","700","#FFFFFF"
"A-error","text-12","Салон","16","795","Arial","13","400","#5E6D65"
"A-error","text-13","Записи","146","795","Arial","13","400","#5E6D65"
"A-error","text-14","Награды","276","795","Arial","13","400","#5E6D65"
"A-noBookings","text-1","9:41","24","28","Arial","13","700","#233F38"
"A-noBookings","text-2","LTE  ▰","287","28","Arial","12","400","#233F38"
"A-noBookings","text-3","‹","24","65","Arial","25","400","#233F38"
"A-noBookings","text-4","рядом","150","64","Arial","20","700","#233F38"
"A-noBookings","text-5","···","340","63","Arial","20","400","#233F38"
"A-noBookings","text-6","ЛИНИЯ / ЛИЧНЫЙ КАБИНЕТ","24","109","Arial","11","700","#5E6D65"
"A-noBookings","text-7","Записей пока нет","24","154","Arial","28","700","#233F38"
"A-noBookings","text-8","Здесь появится ваша история","24","180","Arial","13","400","#5E6D65"
"A-noBookings","text-9","Выберите салон и удобное время.","38","249","Arial","13","400","#233F38"
"A-noBookings","text-10","Выбрать услугу","40","593","Arial","15","700","#FFFFFF"
"A-noBookings","text-11","Салон","16","795","Arial","13","400","#5E6D65"
"A-noBookings","text-12","Записи","146","795","Arial","13","400","#5E6D65"
"A-noBookings","text-13","Награды","276","795","Arial","13","400","#5E6D65"
"A-noCRM","text-1","9:41","24","28","Arial","13","700","#233F38"
"A-noCRM","text-2","LTE  ▰","287","28","Arial","12","400","#233F38"
"A-noCRM","text-3","‹","24","65","Arial","25","400","#233F38"
"A-noCRM","text-4","рядом","150","64","Arial","20","700","#233F38"
"A-noCRM","text-5","···","340","63","Arial","20","400","#233F38"
"A-noCRM","text-6","ЛИНИЯ / АДМИНИСТРАТОР","24","109","Arial","11","700","#5E6D65"
"A-noCRM","text-7","Клиентов пока нет","24","154","Arial","28","700","#233F38"
"A-noCRM","text-8","Здесь появится ваша история","24","180","Arial","13","400","#5E6D65"
"A-noCRM","text-9","Клиенты появятся после первой записи.","38","249","Arial","13","400","#233F38"
"A-noCRM","text-10","В календарь","40","593","Arial","15","700","#FFFFFF"
"A-noCRM","text-11","День","16","795","Arial","13","400","#5E6D65"
"A-noCRM","text-12","Окна","113.5","795","Arial","13","400","#5E6D65"
"A-noCRM","text-13","Клиенты","211","795","Arial","13","400","#5E6D65"
"A-noCRM","text-14","Услуги","308.5","795","Arial","13","400","#5E6D65"
"A-entry","text-1","9:41","24","28","Arial","13","700","#233F38"
"A-entry","text-2","LTE  ▰","287","28","Arial","12","400","#233F38"
"A-entry","text-3","‹","24","65","Arial","25","400","#233F38"
"A-entry","text-4","рядом","150","64","Arial","20","700","#233F38"
"A-entry","text-5","···","340","63","Arial","20","400","#233F38"
"A-entry","text-6","ЛИНИЯ / ЛИЧНЫЙ КАБИНЕТ","24","109","Arial","11","700","#5E6D65"
"A-entry","text-7","Ваше пространство","24","154","Arial","28","700","#233F38"
"A-entry","text-8","Один аккаунт · два кабинета","24","180","Arial","13","400","#5E6D65"
"A-entry","text-9","Личный кабинет","40","244","Arial","17","700","#233F38"
"A-entry","text-10","Записи, салоны и награды","40","268","Arial","13","400","#5E6D65"
"A-entry","text-11","Открыть →","40","291","Arial","12","700","#285D4E"
"A-entry","text-12","Линия · работа","40","351","Arial","17","700","#233F38"
"A-entry","text-13","Вы администратор салона","40","375","Arial","13","400","#5E6D65"
"A-entry","text-14","Открыть →","40","398","Arial","12","700","#285D4E"
"A-entry","text-15","Мастер видит только свои назначения.","38","474","Arial","13","400","#233F38"
"A-entry","text-16","CRM и «Живое окно» доступны","38","495","Arial","13","400","#233F38"
"A-entry","text-17","владельцу и администратору.","38","516","Arial","13","400","#233F38"
"A-entry","text-18","Салон","16","795","Arial","13","400","#5E6D65"
"A-entry","text-19","Записи","146","795","Arial","13","400","#5E6D65"
"A-entry","text-20","Награды","276","795","Arial","13","400","#5E6D65"
"A-requestMove","text-1","9:41","24","28","Arial","13","700","#233F38"
"A-requestMove","text-2","LTE  ▰","287","28","Arial","12","400","#233F38"
"A-requestMove","text-3","‹","24","65","Arial","25","400","#233F38"
"A-requestMove","text-4","рядом","150","64","Arial","20","700","#233F38"
"A-requestMove","text-5","···","340","63","Arial","20","400","#233F38"
"A-requestMove","text-6","ЛИНИЯ / ЛИЧНЫЙ КАБИНЕТ","24","109","Arial","11","700","#5E6D65"
"A-requestMove","text-7","Подходящее окно","24","154","Arial","28","700","#233F38"
"A-requestMove","text-8","Перенос записи № 1042 · 2 окт, 16:00","24","180","Arial","13","400","#5E6D65"
"A-requestMove","text-9","Даты · не более 30 дней","24","217","Arial","12","400","#5E6D65"
"A-requestMove","text-10","29.09.2026 — 01.10.2026","38","256","Arial","15","400","#233F38"
"A-requestMove","text-11","Дни недели","24","300","Arial","12","400","#5E6D65"
"A-requestMove","text-12","Пн   Вт   Ср   Чт   Пт   Сб   Вс","36","339","Arial","15","400","#233F38"
"A-requestMove","text-13","Весь визит в диапазоне · Москва","24","383","Arial","12","400","#5E6D65"
"A-requestMove","text-14","09:00  —  18:00","38","422","Arial","15","400","#233F38"
"A-requestMove","text-15","Мастера","24","466","Arial","12","400","#5E6D65"
"A-requestMove","text-16","Анна  ✓       Мария  ✓","38","505","Arial","15","400","#233F38"
"A-requestMove","text-17","Минимум до визита · можно изменить","24","549","Arial","12","400","#5E6D65"
"A-requestMove","text-18","1 час по умолчанию     ▾","38","588","Arial","15","400","#233F38"
"A-requestMove","text-19","Это не запись. Время не удерживается.","24","630","Arial","13","400","#233F38"
"A-requestMove","text-20","✓ Согласен на предложения этого запроса.","24","651","Arial","13","400","#233F38"
"A-requestMove","text-21","Создать запрос","40","717","Arial","15","700","#FFFFFF"
"A-requestMove","text-22","Салон","16","795","Arial","13","400","#5E6D65"
"A-requestMove","text-23","Записи","146","795","Arial","13","400","#5E6D65"
"A-requestMove","text-24","Награды","276","795","Arial","13","400","#5E6D65"
"A-reward","text-1","9:41","24","28","Arial","13","700","#233F38"
"A-reward","text-2","LTE  ▰","287","28","Arial","12","400","#233F38"
"A-reward","text-3","‹","24","65","Arial","25","400","#233F38"
"A-reward","text-4","рядом","150","64","Arial","20","700","#233F38"
"A-reward","text-5","···","340","63","Arial","20","400","#233F38"
"A-reward","text-6","ЛИНИЯ / ЛИЧНЫЙ КАБИНЕТ","24","109","Arial","11","700","#5E6D65"
"A-reward","text-7","Проверьте запись","24","154","Arial","28","700","#233F38"
"A-reward","text-8","Стрижка и укладка","24","180","Arial","13","400","#5E6D65"
"A-reward","text-9","29 сентября · 12:00–13:00","40","239","Arial","17","700","#233F38"
"A-reward","text-10","Анна · Линия · Москва, UTC+3","40","263","Arial","13","400","#5E6D65"
"A-reward","text-11","ул. Лесная, 12","40","286","Arial","12","700","#285D4E"
"A-reward","text-12","Стоимость услуги","24","352","Arial","15","400","#233F38"
"A-reward","text-13","2 400 ₽","290","352","Arial","15","400","#233F38"
"A-reward","text-14","Награда «5 + 1»","24","391","Arial","15","400","#233F38"
"A-reward","text-15","−2 400 ₽","280","391","Arial","15","400","#233F38"
"A-reward","text-16","Итого","24","456","Arial","24","700","#233F38"
"A-reward","text-17","0 ₽","255","456","Arial","24","700","#233F38"
"A-reward","text-18","Награда будет закреплена за записью.","38","516","Arial","13","400","#233F38"
"A-reward","text-19","Проверим доступность при подтверждении.","38","537","Arial","13","400","#233F38"
"A-reward","text-20","Подтвердить запись","40","678","Arial","15","700","#FFFFFF"
"A-reward","text-21","Салон","16","795","Arial","13","400","#5E6D65"
"A-reward","text-22","Записи","146","795","Arial","13","400","#5E6D65"
"A-reward","text-23","Награды","276","795","Arial","13","400","#5E6D65"
"A-saved","text-1","9:41","24","28","Arial","13","700","#233F38"
"A-saved","text-2","LTE  ▰","287","28","Arial","12","400","#233F38"
"A-saved","text-3","‹","24","65","Arial","25","400","#233F38"
"A-saved","text-4","рядом","150","64","Arial","20","700","#233F38"
"A-saved","text-5","···","340","63","Arial","20","400","#233F38"
"A-saved","text-6","ЛИНИЯ / АДМИНИСТРАТОР","24","109","Arial","11","700","#5E6D65"
"A-saved","text-7","Изменения сохранены","24","154","Arial","28","700","#233F38"
"A-saved","text-8","Услуга доступна для новых записей","24","180","Arial","13","400","#5E6D65"
"A-saved","text-9","Вернуться к услугам","40","593","Arial","15","700","#FFFFFF"
"A-saved","text-10","День","16","795","Arial","13","400","#5E6D65"
"A-saved","text-11","Окна","113.5","795","Arial","13","400","#5E6D65"
"A-saved","text-12","Клиенты","211","795","Arial","13","400","#5E6D65"
"A-saved","text-13","Услуги","308.5","795","Arial","13","400","#5E6D65"
"A-service","text-1","9:41","24","28","Arial","13","700","#233F38"
"A-service","text-2","LTE  ▰","287","28","Arial","12","400","#233F38"
"A-service","text-3","‹","24","65","Arial","25","400","#233F38"
"A-service","text-4","рядом","150","64","Arial","20","700","#233F38"
"A-service","text-5","···","340","63","Arial","20","400","#233F38"
"A-service","text-6","ЛИНИЯ / ЛИЧНЫЙ КАБИНЕТ","24","109","Arial","11","700","#5E6D65"
"A-service","text-7","Стрижка и укладка","24","154","Arial","28","700","#233F38"
"A-service","text-8","Линия · волосы","24","180","Arial","13","400","#5E6D65"
"A-service","text-9","Форма, которая вам идёт","40","239","Arial","17","700","#233F38"
"A-service","text-10","Консультация, стрижка, укладка","40","263","Arial","13","400","#5E6D65"
"A-service","text-11","60 минут · 2 400 ₽","40","286","Arial","12","700","#285D4E"
"A-service","text-12","Мастера услуги: Анна и Мария.","38","355","Arial","13","400","#233F38"
"A-service","text-13","Выберите удобное время, затем","38","376","Arial","13","400","#233F38"
"A-service","text-14","проверьте стоимость и подтвердите.","38","397","Arial","13","400","#233F38"
"A-service","text-15","Выбрать мастера и время","40","678","Arial","15","700","#FFFFFF"
"A-service","text-16","Салон","16","795","Arial","13","400","#5E6D65"
"A-service","text-17","Записи","146","795","Arial","13","400","#5E6D65"
"A-service","text-18","Награды","276","795","Arial","13","400","#5E6D65"
"A-checking","text-1","9:41","24","28","Arial","13","700","#233F38"
"A-checking","text-2","LTE  ▰","287","28","Arial","12","400","#233F38"
"A-checking","text-3","‹","24","65","Arial","25","400","#233F38"
"A-checking","text-4","рядом","150","64","Arial","20","700","#233F38"
"A-checking","text-5","···","340","63","Arial","20","400","#233F38"
"A-checking","text-6","ЛИНИЯ / ЛИЧНЫЙ КАБИНЕТ","24","109","Arial","11","700","#5E6D65"
"A-checking","text-7","Проверяем время","24","154","Arial","28","700","#233F38"
"A-checking","text-8","Пожалуйста, подождите","24","180","Arial","13","400","#5E6D65"
"A-checking","text-9","Проверяем доступность и условия.","38","249","Arial","13","400","#233F38"
"A-checking","text-10","Повторное нажатие не создаст дубль.","38","270","Arial","13","400","#233F38"
"A-checking","text-11","Салон","16","795","Arial","13","400","#5E6D65"
"A-checking","text-12","Записи","146","795","Arial","13","400","#5E6D65"
"A-checking","text-13","Награды","276","795","Arial","13","400","#5E6D65"
"A-calendar-wide","text-1","рядом / работа","28","55","Arial","22","700","#233F38"
"A-calendar-wide","text-2","Линия · администратор","28","99","Arial","13","400","#5E6D65"
"A-calendar-wide","text-3","Календарь","30","169","Arial","15","600","#233F38"
"A-calendar-wide","text-4","Живое окно","30","225","Arial","15","600","#233F38"
"A-calendar-wide","text-5","Клиенты","30","281","Arial","15","600","#233F38"
"A-calendar-wide","text-6","Услуги","30","337","Arial","15","600","#233F38"
"A-calendar-wide","text-7","Вторник, 29 сентября","264","58","Arial","30","700","#233F38"
"A-calendar-wide","text-8","Линия  /  Рабочий кабинет  /  Москва · UTC+3","264","89","Arial","14","400","#5E6D65"
"A-calendar-wide","text-9","День     Неделя                          Все мастера     Анна     Мария","284","151","Arial","15","400","#5E6D65"
"A-calendar-wide","text-10","Анна · стилист","330","213","Arial","16","700","#233F38"
"A-calendar-wide","text-11","Мария · стилист","675","213","Arial","16","700","#233F38"
"A-calendar-wide","text-12","Елена · мастер","1020","213","Arial","16","700","#233F38"
"A-calendar-wide","text-13","9:00","265","262","Arial","13","400","#5E6D65"
"A-calendar-wide","text-14","10:00","265","336","Arial","13","400","#5E6D65"
"A-calendar-wide","text-15","11:00","265","410","Arial","13","400","#5E6D65"
"A-calendar-wide","text-16","12:00","265","484","Arial","13","400","#5E6D65"
"A-calendar-wide","text-17","13:00","265","558","Arial","13","400","#5E6D65"
"A-calendar-wide","text-18","14:00","265","632","Arial","13","400","#5E6D65"
"A-calendar-wide","text-19","15:00","265","706","Arial","13","400","#5E6D65"
"A-calendar-wide","text-20","16:00","265","780","Arial","13","400","#5E6D65"
"A-calendar-wide","text-21","Ирина · стрижка","344","285","Arial","16","700","#233F38"
"A-calendar-wide","text-22","09:00–10:00","344","308","Arial","13","400","#5E6D65"
"A-calendar-wide","text-23","Анна · стрижка","344","507","Arial","16","700","#233F38"
"A-calendar-wide","text-24","12:00–13:00","344","530","Arial","13","400","#5E6D65"
"A-calendar-wide","text-25","Ольга · укладка","689","359","Arial","16","700","#233F38"
"A-calendar-wide","text-26","10:00–11:00","689","382","Arial","13","400","#5E6D65"
"A-calendar-wide","text-27","Софья · стрижка","1034","581","Arial","16","700","#233F38"
"A-calendar-wide","text-28","13:00–14:00","1034","604","Arial","13","400","#5E6D65"
"A-calendar-wide","text-29","14:00 · Свободное окно","344","659","Arial","16","700","#285D4E"
"A-calendar-wide","text-30","Ожидаем ответ кандидата 02","344","681","Arial","13","400","#5E6D65"
"A-crm-wide","text-1","рядом / работа","28","55","Arial","22","700","#233F38"
"A-crm-wide","text-2","Линия · администратор","28","99","Arial","13","400","#5E6D65"
"A-crm-wide","text-3","Календарь","30","169","Arial","15","600","#233F38"
"A-crm-wide","text-4","Живое окно","30","225","Arial","15","600","#233F38"
"A-crm-wide","text-5","Клиенты","30","281","Arial","15","600","#233F38"
"A-crm-wide","text-6","Услуги","30","337","Arial","15","600","#233F38"
"A-crm-wide","text-7","Клиенты салона","264","58","Arial","30","700","#233F38"
"A-crm-wide","text-8","Линия  /  Рабочий кабинет  /  Москва · UTC+3","264","89","Arial","14","400","#5E6D65"
"A-crm-wide","text-9","Поиск по имени или контакту","284","151","Arial","15","400","#5E6D65"
"A-crm-wide","text-10","КЛИЕНТ","285","220","Arial","12","700","#5E6D65"
"A-crm-wide","text-11","ТЕГ","615","220","Arial","12","700","#5E6D65"
"A-crm-wide","text-12","БЛИЖАЙШИЙ ВИЗИТ","840","220","Arial","12","700","#5E6D65"
"A-crm-wide","text-13","ЛОЯЛЬНОСТЬ","1190","220","Arial","12","700","#5E6D65"
"A-crm-wide","text-14","Анна Смирнова","285","281","Arial","15","700","#233F38"
"A-crm-wide","text-15","Постоянный","615","281","Arial","15","400","#233F38"
"A-crm-wide","text-16","29 сен · 12:00","840","281","Arial","15","400","#233F38"
"A-crm-wide","text-17","4 / 5","1190","281","Arial","15","400","#233F38"
"A-crm-wide","text-18","Ирина Волкова","285","357","Arial","15","700","#233F38"
"A-crm-wide","text-19","Новый","615","357","Arial","15","400","#233F38"
"A-crm-wide","text-20","29 сен · 09:00","840","357","Arial","15","400","#233F38"
"A-crm-wide","text-21","1 / 5","1190","357","Arial","15","400","#233F38"
"A-crm-wide","text-22","Ольга Орлова","285","433","Arial","15","700","#233F38"
"A-crm-wide","text-23","Постоянный","615","433","Arial","15","400","#233F38"
"A-crm-wide","text-24","29 сен · 10:00","840","433","Arial","15","400","#233F38"
"A-crm-wide","text-25","2 / 5","1190","433","Arial","15","400","#233F38"
"A-crm-wide","text-26","Анна Смирнова","288","549","Arial","24","700","#233F38"
"A-crm-wide","text-27","8 визитов в «Линию» · постоянный клиент","288","582","Arial","15","400","#5E6D65"
"A-crm-wide","text-28","Внутренняя заметка","288","630","Arial","13","400","#5E6D65"
"A-crm-wide","text-29","Предпочитает утреннее время.","288","661","Arial","17","400","#233F38"
"A-crm-wide","text-30","Видна владельцу и администратору этого салона.","288","708","Arial","14","400","#5E6D65"
"A-crm-wide","text-31","Стрижка и укладка","870","549","Arial","18","700","#233F38"
"A-crm-wide","text-32","4 из 5 платных посещений","870","590","Arial","16","400","#233F38"
"A-crm-wide","text-33","1 доступная награда прошлого цикла","870","626","Arial","14","400","#285D4E"
"A-crm-wide","text-34","История  →  12 сен · Завершён","870","686","Arial","15","400","#233F38"